platform,brand,legalEntity,comuna,project,pepCode,amount
Google Ads,Almagro Inmobiliaria,Almagro S.A,Macul,Insigne,I-ALM-2157,2704432
Google Ads,Socovesa,Inmobiliaria El Descubridor,Maipú,Pajaritos,I-STG-2204,2562054
Google Ads,Socovesa,INMOBILIARIA ENCINAS DE PEÑALOLEN,Lampa,Los Coihues,I-STG-2325,2529004
Google Ads,Socovesa,Sociedad Comercializadora Metropolitana,Macul,Coipue,I-STG-2229,2523671
Meta,Pilares,Pilares S.A,AON,Guillermo Mann,I-SVS-2250,2453415
Google Ads,Socovesa,Pilares S.A,Ñuñoa,Marathon,I-SVS-2349,2039929
Meta,Socovesa,Socovesa Sur S.A,Puerto Montt,Terraza Mirador,I-SUR-2333,1741342
Google Ads,Almagro Inmobiliaria,Almagro S.A,Antofagasta,Parque Brasil,I-ALM-2285,1731857
Meta,Socovesa,Pilares S.A,Ñuñoa,Marathon,I-SVS-2349,1689596
Meta,Almagro Inmobiliaria,Almagro S.A,Macul,Insigne,I-ALM-2157,1689112
Meta,Socovesa,INMOBILIARIA ENCINAS DE PEÑALOLEN,Lampa,Las Pataguas,I-STG-2366,1645144
Meta,Socovesa,INMOBILIARIA ENCINAS DE PEÑALOLEN,Lampa,Los Coihues,I-STG-2325,1638491
Google Ads,Socovesa,INMOBILIARIA ENCINAS DE PEÑALOLEN,Lampa,Las Pataguas,I-STG-2366,1636748
Meta,Socovesa,Sociedad Comercializadora Metropolitana,Macul,Coipue,I-STG-2229,1634939
Google Ads,Almagro Inmobiliaria,Almagro S.A,Ñuñoa,Almagro Plus,I-ALM-2234,1622496
Google Ads,Pilares,ICSA,Independencia,Santos Dumont,I-SVS-2246,1550794
Google Ads,Pilares,ICSA,Estación Central,Conde del Maule,I-SVS-2255,1546262
Google Ads,Almagro Inmobiliaria,Madagascar,Las Condes,Almagro District,I-ALM-2399,1402392
Meta,Socovesa,Inmobiliaria El Descubridor,Maipú,Pajaritos,I-STG-2204,1395523
Meta,Almagro Inmobiliaria,Almagro S.A,Santiago,Insigne,I-ALM-2157,1390251
Google Ads,Pilares,ICSA,Santiago Centro,Edificio Ñuble,I-SVS-2173,1386029
Google Ads,Almagro Inmobiliaria,Arcilla Roja,Providencia,Almagro Hub,I-ALM-2189,1378515
Meta,Almagro Inmobiliaria,Madagascar,Las Condes,Almagro District,I-ALM-2399,1341913
Meta,Almagro Inmobiliaria,Almagro S.A,Antofagasta,Parque Brasil,I-ALM-2285,1341583
Meta,Almagro Inmobiliaria,Arcilla Roja,Providencia,Almagro Hub,I-ALM-2189,1340866
Google Ads,Almagro Inmobiliaria,Almagro S.A,Vitacura,Signature,I-ALM-2354,1331313
Google Ads,Almagro Inmobiliaria,Almagro S.A,Antofagasta,Indico,I-ALM-1453,1279349
Meta,Almagro Inmobiliaria,Almagro S.A,Antofagasta,Valle del Mar,I-ALM-1453,1270312
Meta,Almagro Inmobiliaria,Almagro S.A,Santiago,Signature,I-ALM-2354,1227901
Google Ads,Almagro Inmobiliaria,Almagro S.A,Ñuñoa,San Eugenio 2,I-ALM-2227,1171237
Google Ads,Almagro Inmobiliaria,Almagro S.A,Santiago Centro,Carrera 4,I-ALM-2275,1167645
Meta,Pilares,ICSA,Estación Central,Conde del Maule,I-SVS-2255,1145317
Meta,Pilares,ICSA,Independencia,Santos Dumont,I-SVS-2246,1143508
Meta,Almagro Inmobiliaria,Arcilla Roja,AON,Almagro Hub,I-ALM-2189,1105151
Meta,Almagro Inmobiliaria,Almagro S.A,Ñuñoa,Almagro Plus,I-ALM-2234,1040481
Meta,Almagro Inmobiliaria,Almagro S.A,Santiago,San Eugenio 2,I-ALM-2227,1035897
Meta,Almagro Inmobiliaria,Almagro S.A,Santiago,Carrera 4,I-ALM-2275,1031790
Google Ads,Almagro Inmobiliaria,Almagro S.A,Antofagasta,Valle del Mar,I-ALM-1453,1007332
Google Ads,Almagro Inmobiliaria,Almagro S.A,Santiago,Signature,I-ALM-2354,975188
Google Ads,Almagro Inmobiliaria,Arcilla Roja,Las Condes,PLP 1,I-ALM-2226,954009
Google Ads,Almagro Inmobiliaria,Arcilla Roja,Las Condes,PLP 2,I-ALM-2306,954008
Meta,Pilares,Arcilla Roja,Santiago Centro,Franklin,I-ALM-2212,945117
Google Ads,Almagro Inmobiliaria,Almagro S.A,Providencia,Lyon Bilbao,I-ALM-2211,930554
Google Ads,Almagro Inmobiliaria,Arcilla Roja,Providencia,Rengo,I-ALM-2288,930553
Google Ads,Socovesa,INSOCO,La Florida,Plaza Mirador,I-STG-2391,903939
Google Ads,Pilares,Pilares S.A,Ñuñoa,Guillermo Mann,I-SVS-2250,888251
Google Ads,Pilares,ICSA,La Cisterna,Lo Ovalle,I-SVS-2296,886460
Google Ads,Pilares,Pilares S.A,La Florida,Rodriguez Velasco,I-SVS-2289,886316
Google Ads,Pilares,Pilares S.A,La Florida,Vicuña Mackenna 7244,I-SVS-2131,886315
Google Ads,Almagro Inmobiliaria,Almagro S.A,Lo Barnechea,Los Cactus,I-ALM-2342,853751
Google Ads,Almagro Inmobiliaria,Almagro S.A,Providencia,Balance,I-ALM-2358,831624
Google Ads,Socovesa,Socovesa Sur S.A,Temuco,N3,I-SUR-2331,818053
Google Ads,Socovesa,Pilares S.A,La Florida,Rodriguez Velasco,I-SVS-2289,810042
Google Ads,Socovesa,Pilares S.A,La Florida,Vicuña Mackenna 7244,I-SVS-2131,810042
Google Ads,Socovesa,Socovesa Sur S.A,Chillán,PDL,I-SUR-2372,779069
Google Ads,Socovesa,Socovesa Sur S.A,Valdivia,García Reyes,I-SUR-2283,735903
Meta,Pilares,ICSA,AON,Edificio Ñuble,I-SVS-2173,581706
Meta,Pilares,ICSA,AON,Lo Ovalle,I-SVS-2296,581705
Meta,Pilares,Pilares S.A,AON,Rodriguez Velasco,I-SVS-2289,581705
Meta,Pilares,Pilares S.A,AON,Vicuña Mackenna 7244,I-SVS-2131,581705
Meta,Almagro Inmobiliaria,Almagro S.A,AON,Carrera 4,I-ALM-2275,563196
Meta,Almagro Inmobiliaria,Almagro S.A,AON,Indico,I-ALM-1453,563196
Meta,Almagro Inmobiliaria,Almagro S.A,AON,Los Cactus,I-ALM-2342,563196
Meta,Almagro Inmobiliaria,Almagro S.A,AON,Lyon Bilbao,I-ALM-2211,563196
Meta,Almagro Inmobiliaria,Arcilla Roja,AON,PLP 2,I-ALM-2306,563196
Meta,Almagro Inmobiliaria,Almagro S.A,AON,San Eugenio 2,I-ALM-2227,563195
Meta,Almagro Inmobiliaria,Arcilla Roja,AON,PLP 1,I-ALM-2226,563113
Google Ads,Pilares,Arcilla Roja,Santiago Centro,Franklin,I-ALM-2212,550948
Meta,Socovesa,Consorcio Inmobiliario Macul,Marca,Las Palmas,I-STG-2205,525421
Meta,Socovesa,INMOBILIARIA ENCINAS DE PEÑALOLEN,Marca,Las Pataguas,I-STG-2366,525421
Meta,Socovesa,INMOBILIARIA ENCINAS DE PEÑALOLEN,Marca,Los Coihues,I-STG-2325,525421
Meta,Socovesa,Pilares S.A,Marca,Marathon,I-SVS-2349,525421
Meta,Socovesa,Sociedad Comercializadora Metropolitana,Marca,Coipue,I-STG-2229,525421
Meta,Socovesa,Inmobiliaria El Descubridor,Marca,Pajaritos,I-STG-2204,525420
Meta,Almagro Inmobiliaria,Almagro S.A,Antofagasta,Indico,I-ALM-1453,483182
Google Ads,Socovesa,Socovesa Sur S.A,Punta Arenas,Reserva Magallanes,I-SUR-2323,460844
Google Ads,Almagro Inmobiliaria,Almagro S.A,Santiago,San Eugenio 2,I-ALM-2227,452558
Google Ads,Almagro Inmobiliaria,Almagro S.A,Santiago,Carrera 4,I-ALM-2275,447285
Google Ads,Socovesa,Socovesa Sur S.A,Temuco,Icono,I-SUR-2346,440866
Google Ads,Socovesa,Socovesa Sur S.A,Temuco,O3,I-SUR-2373,440866
Google Ads,Socovesa,Socovesa Sur S.A,Temuco,Origen,I-SUR-2346,440866
Meta,Socovesa,Socovesa Sur S.A,Chillán,PDL,I-SUR-2372,431634
Meta,Socovesa,Socovesa Sur S.A,Puerto Montt,Portal Austral,I-SUR-2340,427321
Meta,Socovesa,Socovesa Sur S.A,Temuco,N3,I-SUR-2331,426528
Meta,Socovesa,Socovesa Sur S.A,Valdivia,García Reyes,I-SUR-2283,421752
Google Ads,Socovesa,Socovesa Sur S.A,Chillán,Nueva Toledo,I-SUR-2334,414670
Google Ads,Socovesa,Socovesa Sur S.A,Puerto Montt,Portal Austral,I-SUR-2340,412741
Google Ads,Socovesa,Socovesa Sur S.A,Puerto Montt,Terraza Mirador,I-SUR-2333,412741
Google Ads,Socovesa,Socovesa Sur S.A,Temuco,Edificio Vértice,I-SUR-2297,386810
Meta,Almagro Inmobiliaria,Almagro S.A,Ñuñoa,San Eugenio 2,I-ALM-2227,302472
Google Ads,Socovesa,Sociedad Comercializadora Metropolitana,Genérico,Coipue,I-STG-2229,269870
Google Ads,Socovesa,Consorcio Inmobiliario Macul,Genérico,Las Palmas,I-STG-2205,269869
Google Ads,Socovesa,INMOBILIARIA ENCINAS DE PEÑALOLEN,Genérico,Las Pataguas,I-STG-2366,269869
Google Ads,Socovesa,INMOBILIARIA ENCINAS DE PEÑALOLEN,Genérico,Los Coihues,I-STG-2325,269869
Google Ads,Socovesa,Inmobiliaria El Descubridor,Genérico,Pajaritos,I-STG-2204,269869
Google Ads,Socovesa,Pilares S.A,Genérico,Marathon,I-SVS-2349,269869
Meta,Socovesa,Socovesa Sur S.A,AON,Alto Maderos,I-SUR-2335,243440
Meta,Socovesa,Socovesa Sur S.A,AON,Edificio Vértice,I-SUR-2297,243440
Meta,Socovesa,Socovesa Sur S.A,AON,Icono,I-SUR-2346,243440
Meta,Socovesa,Socovesa Sur S.A,AON,N3,I-SUR-2331,243440
Meta,Socovesa,Socovesa Sur S.A,AON,Nueva Toledo,I-SUR-2334,243440
Meta,Socovesa,Socovesa Sur S.A,AON,O3,I-SUR-2373,243439
Meta,Socovesa,Socovesa Sur S.A,AON,Origen,I-SUR-2346,243439
Meta,Socovesa,Socovesa Sur S.A,AON,Parque Avellanos,I-SUR-2336,243439
Meta,Socovesa,Socovesa Sur S.A,AON,Reserva Magallanes,I-SUR-2323,243439
Meta,Socovesa,Socovesa Sur S.A,AON,Terraza Mirador,I-SUR-2333,243439
Google Ads,Socovesa,Socovesa Sur S.A,Los Ángeles,Alto Maderos,I-SUR-2335,231048
Google Ads,Socovesa,Socovesa Sur S.A,Los Ángeles,Parque Avellanos,I-SUR-2336,231048
Meta,Almagro Inmobiliaria,Almagro S.A,Marca,Almagro Plus,I-ALM-2234,224226
Meta,Almagro Inmobiliaria,Almagro S.A,Marca,Balance,I-ALM-2358,224226
Meta,Almagro Inmobiliaria,Almagro S.A,Marca,Carrera 4,I-ALM-2275,224226
Meta,Almagro Inmobiliaria,Almagro S.A,Marca,Indico,I-ALM-1453,224226
Meta,Almagro Inmobiliaria,Almagro S.A,Marca,Insigne,I-ALM-2157,224226
Meta,Almagro Inmobiliaria,Almagro S.A,Marca,Los Cactus,I-ALM-2342,224226
Meta,Almagro Inmobiliaria,Almagro S.A,Marca,Lyon Bilbao,I-ALM-2211,224226
Meta,Almagro Inmobiliaria,Almagro S.A,Marca,Parque Brasil,I-ALM-2285,224226
Meta,Almagro Inmobiliaria,Arcilla Roja,Marca,Almagro Hub,I-ALM-2189,224226
Meta,Almagro Inmobiliaria,Arcilla Roja,Marca,PLP 1,I-ALM-2226,224226
Meta,Almagro Inmobiliaria,Arcilla Roja,Marca,PLP 2,I-ALM-2306,224226
Meta,Almagro Inmobiliaria,Madagascar,Marca,Almagro District,I-ALM-2399,224226
Meta,Almagro Inmobiliaria,Almagro S.A,Marca,San Eugenio 2,I-ALM-2227,224225
Meta,Almagro Inmobiliaria,Arcilla Roja,Marca,Rengo,I-ALM-2288,224225
Meta,Almagro Inmobiliaria,Almagro S.A,Santiago Centro,Carrera 4,I-ALM-2275,199535
Meta,Almagro Inmobiliaria,Almagro S.A,Antofagasta,Almagro Terra,I-ALM-2360,188073
Meta,Almagro Inmobiliaria,Almagro S.A,Lo Barnechea,Los Cactus,I-ALM-2342,186312
Meta,Almagro Inmobiliaria,Arcilla Roja,Las Condes,PLP 2,I-ALM-2306,185036
Meta,Almagro Inmobiliaria,Almagro S.A,Providencia,Lyon Bilbao,I-ALM-2211,184832
Meta,Almagro Inmobiliaria,Arcilla Roja,Providencia,Rengo,I-ALM-2288,184096
Meta,Almagro Inmobiliaria,Almagro S.A,Providencia,Balance,I-ALM-2358,183647
Meta,Pilares,ICSA,Marca,Conde del Maule,I-SVS-2255,181677
Meta,Pilares,ICSA,Marca,Edificio Ñuble,I-SVS-2173,181677
Meta,Pilares,ICSA,Marca,Lo Ovalle,I-SVS-2296,181676
Meta,Pilares,ICSA,Marca,Santos Dumont,I-SVS-2246,181676
Meta,Pilares,Pilares S.A,Marca,Guillermo Mann,I-SVS-2250,181676
Meta,Pilares,Pilares S.A,Marca,Rodriguez Velasco,I-SVS-2289,181676
Meta,Pilares,Pilares S.A,Marca,Vicuña Mackenna 7244,I-SVS-2131,181676
Meta,Almagro Inmobiliaria,Arcilla Roja,Las Condes,PLP 1,I-ALM-2226,173122
Meta,Almagro Inmobiliaria,Almagro S.A,Almagro Plus,Almagro Plus,I-ALM-2234,151417
Google Ads,Pilares,ICSA,Genérico,Conde del Maule,I-SVS-2255,128947
Google Ads,Pilares,ICSA,Genérico,Edificio Ñuble,I-SVS-2173,128946
Google Ads,Pilares,ICSA,Genérico,Lo Ovalle,I-SVS-2296,128946
Google Ads,Pilares,ICSA,Genérico,Santos Dumont,I-SVS-2246,128946
Google Ads,Pilares,Pilares S.A,Genérico,Guillermo Mann,I-SVS-2250,128946
Google Ads,Pilares,Pilares S.A,Genérico,Rodriguez Velasco,I-SVS-2289,128946
Google Ads,Pilares,Pilares S.A,Genérico,Vicuña Mackenna 7244,I-SVS-2131,128946
Google Ads,Pilares,ICSA,Inversionista,Conde del Maule,I-SVS-2255,125144
Google Ads,Pilares,ICSA,Inversionista,Edificio Ñuble,I-SVS-2173,125144
Google Ads,Pilares,ICSA,Inversionista,Lo Ovalle,I-SVS-2296,125144
Google Ads,Pilares,ICSA,Inversionista,Santos Dumont,I-SVS-2246,125144
Google Ads,Pilares,Pilares S.A,Inversionista,Guillermo Mann,I-SVS-2250,125144
Google Ads,Pilares,Pilares S.A,Inversionista,Rodriguez Velasco,I-SVS-2289,125144
Google Ads,Pilares,Pilares S.A,Inversionista,Vicuña Mackenna 7244,I-SVS-2131,125144
Google Ads,Almagro Inmobiliaria,Almagro S.A,Genérico,Almagro Plus,I-ALM-2234,125015
Google Ads,Almagro Inmobiliaria,Arcilla Roja,Genérico,Almagro Hub,I-ALM-2189,125015
Google Ads,Almagro Inmobiliaria,Madagascar,Genérico,Almagro District,I-ALM-2399,125015
Google Ads,Almagro Inmobiliaria,Almagro S.A,Genérico,Balance,I-ALM-2358,125014
Google Ads,Almagro Inmobiliaria,Almagro S.A,Genérico,Carrera 4,I-ALM-2275,125014
Google Ads,Almagro Inmobiliaria,Almagro S.A,Genérico,Indico,I-ALM-1453,125014
Google Ads,Almagro Inmobiliaria,Almagro S.A,Genérico,Insigne,I-ALM-2157,125014
Google Ads,Almagro Inmobiliaria,Almagro S.A,Genérico,Los Cactus,I-ALM-2342,125014
Google Ads,Almagro Inmobiliaria,Almagro S.A,Genérico,Lyon Bilbao,I-ALM-2211,125014
Google Ads,Almagro Inmobiliaria,Almagro S.A,Genérico,Parque Brasil,I-ALM-2285,125014
Google Ads,Almagro Inmobiliaria,Almagro S.A,Genérico,San Eugenio 2,I-ALM-2227,125014
Google Ads,Almagro Inmobiliaria,Arcilla Roja,Genérico,PLP 1,I-ALM-2226,125014
Google Ads,Almagro Inmobiliaria,Arcilla Roja,Genérico,PLP 2,I-ALM-2306,125014
Google Ads,Almagro Inmobiliaria,Arcilla Roja,Genérico,Rengo,I-ALM-2288,125014
Google Ads,Almagro Propiedades,Almagro S.A,Propiedades,Insigne,I-ALM-2157,113528
Google Ads,Almagro Propiedades,Arcilla Roja,Propiedades,Almagro Hub,I-ALM-2189,113383
Google Ads,Almagro Propiedades,Madagascar,Propiedades,Almagro District,I-ALM-2399,113383
Google Ads,Almagro Propiedades,Almagro S.A,Propiedades,Balance,I-ALM-2358,113382
Google Ads,Almagro Propiedades,Almagro S.A,Propiedades,Carrera 4,I-ALM-2275,113382
Google Ads,Almagro Propiedades,Almagro S.A,Propiedades,Indico,I-ALM-1453,113381
Google Ads,Almagro Propiedades,Almagro S.A,Propiedades,Los Cactus,I-ALM-2342,113381
Google Ads,Almagro Propiedades,Almagro S.A,Propiedades,Lyon Bilbao,I-ALM-2211,113381
Google Ads,Almagro Propiedades,Almagro S.A,Propiedades,Parque Brasil,I-ALM-2285,113380
Google Ads,Almagro Propiedades,Arcilla Roja,Propiedades,PLP 1,I-ALM-2226,113380
Google Ads,Almagro Propiedades,Arcilla Roja,Propiedades,PLP 2,I-ALM-2306,113380
Google Ads,Almagro Propiedades,Arcilla Roja,Propiedades,Rengo,I-ALM-2288,113380
Google Ads,Almagro Propiedades,Almagro S.A,Propiedades,San Eugenio 2,I-ALM-2227,113379
Meta,Pilares,Pilares S.A,La Florida,Vicuña Mackenna 7244,I-SVS-2131,104498
Meta,Pilares,ICSA,Santiago Centro,Edificio Ñuble,I-SVS-2173,102645
Meta,Pilares,Pilares S.A,La Florida,Rodriguez Velasco,I-SVS-2289,102588
Meta,Pilares,ICSA,La Cisterna,Lo Ovalle,I-SVS-2296,101873
Meta,Pilares,Pilares S.A,Ñuñoa,Guillermo Mann,I-SVS-2250,101778
Google Ads,Almagro Propiedades,Almagro S.A,Propiedades,Almagro Plus,I-ALM-2234,98974
Meta,Socovesa,Socovesa Sur S.A,Temuco,Edificio Vértice,I-SUR-2297,85175
Meta,Socovesa,Socovesa Sur S.A,Punta Arenas,Reserva Magallanes,I-SUR-2323,84895
Meta,Socovesa,Socovesa Sur S.A,Temuco,O3,I-SUR-2373,84498
Meta,Socovesa,Socovesa Sur S.A,Chillán,Nueva Toledo,I-SUR-2334,84248
Meta,Socovesa,Socovesa Sur S.A,Los Ángeles,Parque Avellanos,I-SUR-2336,84001
Meta,Socovesa,Socovesa Sur S.A,Los Ángeles,Alto Maderos,I-SUR-2335,83993
Meta,Almagro Inmobiliaria,Almagro S.A,PPP,Almagro Plus,I-ALM-2234,69976
Meta,Almagro Inmobiliaria,Almagro S.A,PPP,Balance,I-ALM-2358,69976
Meta,Almagro Inmobiliaria,Almagro S.A,PPP,Carrera 4,I-ALM-2275,69976
Meta,Almagro Inmobiliaria,Almagro S.A,PPP,Indico,I-ALM-1453,69976
Meta,Almagro Inmobiliaria,Almagro S.A,PPP,Insigne,I-ALM-2157,69976
Meta,Almagro Inmobiliaria,Almagro S.A,PPP,Los Cactus,I-ALM-2342,69976
Meta,Almagro Inmobiliaria,Almagro S.A,PPP,Lyon Bilbao,I-ALM-2211,69976
Meta,Almagro Inmobiliaria,Almagro S.A,PPP,Parque Brasil,I-ALM-2285,69976
Meta,Almagro Inmobiliaria,Almagro S.A,PPP,San Eugenio 2,I-ALM-2227,69976
Meta,Almagro Inmobiliaria,Arcilla Roja,PPP,Almagro Hub,I-ALM-2189,69976
Meta,Almagro Inmobiliaria,Arcilla Roja,PPP,PLP 1,I-ALM-2226,69976
Meta,Almagro Inmobiliaria,Arcilla Roja,PPP,PLP 2,I-ALM-2306,69976
Meta,Almagro Inmobiliaria,Arcilla Roja,PPP,Rengo,I-ALM-2288,69976
Meta,Almagro Inmobiliaria,Madagascar,PPP,Almagro District,I-ALM-2399,69976
Google Ads,Almagro Inmobiliaria,Almagro S.A,PPP,Almagro Plus,I-ALM-2234,69515
Google Ads,Almagro Inmobiliaria,Almagro S.A,PPP,Balance,I-ALM-2358,69515
Google Ads,Almagro Inmobiliaria,Almagro S.A,PPP,Carrera 4,I-ALM-2275,69515
Google Ads,Almagro Inmobiliaria,Almagro S.A,PPP,Indico,I-ALM-1453,69515
Google Ads,Almagro Inmobiliaria,Almagro S.A,PPP,Insigne,I-ALM-2157,69515
Google Ads,Almagro Inmobiliaria,Almagro S.A,PPP,Los Cactus,I-ALM-2342,69515
Google Ads,Almagro Inmobiliaria,Almagro S.A,PPP,Lyon Bilbao,I-ALM-2211,69515
Google Ads,Almagro Inmobiliaria,Arcilla Roja,PPP,Almagro Hub,I-ALM-2189,69515
Google Ads,Almagro Inmobiliaria,Madagascar,PPP,Almagro District,I-ALM-2399,69515
Google Ads,Almagro Inmobiliaria,Almagro S.A,PPP,Parque Brasil,I-ALM-2285,69514
Google Ads,Almagro Inmobiliaria,Almagro S.A,PPP,San Eugenio 2,I-ALM-2227,69514
Google Ads,Almagro Inmobiliaria,Arcilla Roja,PPP,PLP 1,I-ALM-2226,69514
Google Ads,Almagro Inmobiliaria,Arcilla Roja,PPP,PLP 2,I-ALM-2306,69514
Google Ads,Almagro Inmobiliaria,Arcilla Roja,PPP,Rengo,I-ALM-2288,69514
Google Ads,Almagro Inmobiliaria,Almagro S.A,Inversionista,Almagro Plus,I-ALM-2234,60836
Google Ads,Almagro Inmobiliaria,Almagro S.A,Inversionista,Balance,I-ALM-2358,60836
Google Ads,Almagro Inmobiliaria,Almagro S.A,Inversionista,Carrera 4,I-ALM-2275,60836
Google Ads,Almagro Inmobiliaria,Almagro S.A,Inversionista,Indico,I-ALM-1453,60836
Google Ads,Almagro Inmobiliaria,Almagro S.A,Inversionista,Insigne,I-ALM-2157,60836
Google Ads,Almagro Inmobiliaria,Almagro S.A,Inversionista,Los Cactus,I-ALM-2342,60836
Google Ads,Almagro Inmobiliaria,Almagro S.A,Inversionista,Lyon Bilbao,I-ALM-2211,60836
Google Ads,Almagro Inmobiliaria,Almagro S.A,Inversionista,Parque Brasil,I-ALM-2285,60836
Google Ads,Almagro Inmobiliaria,Almagro S.A,Inversionista,San Eugenio 2,I-ALM-2227,60836
Google Ads,Almagro Inmobiliaria,Arcilla Roja,Inversionista,Almagro Hub,I-ALM-2189,60836
Google Ads,Almagro Inmobiliaria,Arcilla Roja,Inversionista,PLP 1,I-ALM-2226,60836
Google Ads,Almagro Inmobiliaria,Arcilla Roja,Inversionista,PLP 2,I-ALM-2306,60836
Google Ads,Almagro Inmobiliaria,Arcilla Roja,Inversionista,Rengo,I-ALM-2288,60836
Google Ads,Almagro Inmobiliaria,Madagascar,Inversionista,Almagro District,I-ALM-2399,60836
Meta,Socovesa,Socovesa Sur S.A,Temuco,Icono,I-SUR-2346,51973
Meta,Socovesa,Socovesa Sur S.A,Temuco,Origen,I-SUR-2346,51972
Meta,Pilares,ICSA,Inversionista,Conde del Maule,I-SVS-2255,51093
Meta,Pilares,ICSA,Inversionista,Edificio Ñuble,I-SVS-2173,51093
Meta,Pilares,ICSA,Inversionista,Lo Ovalle,I-SVS-2296,51093
Meta,Pilares,Pilares S.A,Inversionista,Guillermo Mann,I-SVS-2250,51093
Meta,Pilares,Pilares S.A,Inversionista,Rodriguez Velasco,I-SVS-2289,51093
Meta,Pilares,ICSA,Inversionista,Santos Dumont,I-SVS-2246,51092
Meta,Pilares,Pilares S.A,Inversionista,Vicuña Mackenna 7244,I-SVS-2131,51092
Meta,Socovesa,Socovesa Sur S.A,Inversionista,Alto Maderos,I-SUR-2335,42832
Meta,Socovesa,Socovesa Sur S.A,Inversionista,Edificio Vértice,I-SUR-2297,42832
Meta,Socovesa,Socovesa Sur S.A,Inversionista,García Reyes,I-SUR-2283,42832
Meta,Socovesa,Socovesa Sur S.A,Inversionista,Icono,I-SUR-2346,42831
Meta,Socovesa,Socovesa Sur S.A,Inversionista,N3,I-SUR-2331,42831
Meta,Socovesa,Socovesa Sur S.A,Inversionista,Nueva Toledo,I-SUR-2334,42831
Meta,Socovesa,Socovesa Sur S.A,Inversionista,O3,I-SUR-2373,42831
Meta,Socovesa,Socovesa Sur S.A,Inversionista,Origen,I-SUR-2346,42831
Meta,Socovesa,Socovesa Sur S.A,Inversionista,PDL,I-SUR-2372,42831
Meta,Socovesa,Socovesa Sur S.A,Inversionista,Parque Avellanos,I-SUR-2336,42831
Meta,Socovesa,Socovesa Sur S.A,Inversionista,Portal Austral,I-SUR-2340,42831
Meta,Socovesa,Socovesa Sur S.A,Inversionista,Reserva Magallanes,I-SUR-2323,42831
Meta,Socovesa,Socovesa Sur S.A,Inversionista,Terraza Mirador,I-SUR-2333,42831
Google Ads,Socovesa,Socovesa Sur S.A,Genérico,Alto Maderos,I-SUR-2335,35953
Google Ads,Socovesa,Socovesa Sur S.A,Genérico,Edificio Vértice,I-SUR-2297,35953
Google Ads,Socovesa,Socovesa Sur S.A,Genérico,García Reyes,I-SUR-2283,35953
Google Ads,Socovesa,Socovesa Sur S.A,Genérico,Icono,I-SUR-2346,35953
Google Ads,Socovesa,Socovesa Sur S.A,Genérico,N3,I-SUR-2331,35953
Google Ads,Socovesa,Socovesa Sur S.A,Genérico,Nueva Toledo,I-SUR-2334,35953
Google Ads,Socovesa,Socovesa Sur S.A,Genérico,O3,I-SUR-2373,35953
Google Ads,Socovesa,Socovesa Sur S.A,Genérico,Origen,I-SUR-2346,35953
Google Ads,Socovesa,Socovesa Sur S.A,Genérico,PDL,I-SUR-2372,35952
Google Ads,Socovesa,Socovesa Sur S.A,Genérico,Parque Avellanos,I-SUR-2336,35952
Google Ads,Socovesa,Socovesa Sur S.A,Genérico,Portal Austral,I-SUR-2340,35952
Google Ads,Socovesa,Socovesa Sur S.A,Genérico,Reserva Magallanes,I-SUR-2323,35952
Google Ads,Socovesa,Socovesa Sur S.A,Genérico,Terraza Mirador,I-SUR-2333,35952
Google Ads,Socovesa,Socovesa Sur S.A,Inversionista,Alto Maderos,I-SUR-2335,35278
Google Ads,Socovesa,Socovesa Sur S.A,Inversionista,Edificio Vértice,I-SUR-2297,35278
Google Ads,Socovesa,Socovesa Sur S.A,Inversionista,García Reyes,I-SUR-2283,35277
Google Ads,Socovesa,Socovesa Sur S.A,Inversionista,Icono,I-SUR-2346,35277
Google Ads,Socovesa,Socovesa Sur S.A,Inversionista,N3,I-SUR-2331,35277
Google Ads,Socovesa,Socovesa Sur S.A,Inversionista,Nueva Toledo,I-SUR-2334,35277
Google Ads,Socovesa,Socovesa Sur S.A,Inversionista,O3,I-SUR-2373,35277
Google Ads,Socovesa,Socovesa Sur S.A,Inversionista,Origen,I-SUR-2346,35277
Google Ads,Socovesa,Socovesa Sur S.A,Inversionista,PDL,I-SUR-2372,35277
Google Ads,Socovesa,Socovesa Sur S.A,Inversionista,Parque Avellanos,I-SUR-2336,35277
Google Ads,Socovesa,Socovesa Sur S.A,Inversionista,Portal Austral,I-SUR-2340,35277
Google Ads,Socovesa,Socovesa Sur S.A,Inversionista,Reserva Magallanes,I-SUR-2323,35277
Google Ads,Socovesa,Socovesa Sur S.A,Inversionista,Terraza Mirador,I-SUR-2333,35277
Meta,Almagro Inmobiliaria,Madagascar,Blog,Almagro District,I-ALM-2399,6777
Meta,Almagro Inmobiliaria,Almagro S.A,Blog,Almagro Plus,I-ALM-2234,6776
Meta,Almagro Inmobiliaria,Almagro S.A,Blog,Balance,I-ALM-2358,6776
Meta,Almagro Inmobiliaria,Almagro S.A,Blog,Carrera 4,I-ALM-2275,6776
Meta,Almagro Inmobiliaria,Almagro S.A,Blog,Indico,I-ALM-1453,6776
Meta,Almagro Inmobiliaria,Almagro S.A,Blog,Insigne,I-ALM-2157,6776
Meta,Almagro Inmobiliaria,Almagro S.A,Blog,Los Cactus,I-ALM-2342,6776
Meta,Almagro Inmobiliaria,Almagro S.A,Blog,Lyon Bilbao,I-ALM-2211,6776
Meta,Almagro Inmobiliaria,Almagro S.A,Blog,Parque Brasil,I-ALM-2285,6776
Meta,Almagro Inmobiliaria,Almagro S.A,Blog,San Eugenio 2,I-ALM-2227,6776
Meta,Almagro Inmobiliaria,Arcilla Roja,Blog,Almagro Hub,I-ALM-2189,6776
Meta,Almagro Inmobiliaria,Arcilla Roja,Blog,PLP 1,I-ALM-2226,6776
Meta,Almagro Inmobiliaria,Arcilla Roja,Blog,PLP 2,I-ALM-2306,6776
Meta,Almagro Inmobiliaria,Arcilla Roja,Blog,Rengo,I-ALM-2288,6776
Google Ads,Almagro Inmobiliaria,Arcilla Roja,AON,PLP 1,I-ALM-2226,1847
Google Ads,Pilares,Pilares S.A,AON,Guillermo Mann,I-SVS-2250,204
