month,payment_reference,meta_amount,cartola_amount,source_file
,3A3UPER6E2,,10000,Facturas Meta/Cartola TC/estado de cuenta TC visa MKT Marzo 2026 internacional 1.pdf
,3FG4PEV5E2,,10000,Facturas Meta/Cartola TC/estado de cuenta TC visa MKT Marzo 2026 internacional 1.pdf
,3XZ3PFH6E2,,857450,Facturas Meta/Cartola TC/estado de cuenta TC visa MKT Marzo 2026 internacional 1.pdf
,468PNER6E2,,10000,Facturas Meta/Cartola TC/estado de cuenta TC visa MKT Marzo 2026 internacional 1.pdf
,4KMUXE96E2,,10000,Facturas Meta/Cartola TC/estado de cuenta TC visa MKT Marzo 2026 internacional 1.pdf
,4UK9ZE56E2,,10000,Facturas Meta/Cartola TC/estado de cuenta TC visa MKT Marzo 2026 internacional 1.pdf
,5R56FEV6E2,,10000,Facturas Meta/Cartola TC/estado de cuenta TC visa MKT Marzo 2026 internacional 1.pdf
,5S8GPEV5E2,,10000,Facturas Meta/Cartola TC/estado de cuenta TC visa MKT Marzo 2026 internacional 1.pdf
,76VKYE96E2,,10000,Facturas Meta/Cartola TC/estado de cuenta TC visa MKT Marzo 2026 internacional 1.pdf
,82CSFFM6E2,,10000,Facturas Meta/Cartola TC/estado de cuenta TC visa MKT Marzo 2026 internacional 1.pdf
,8PQTMEV5E2,,10000,Facturas Meta/Cartola TC/estado de cuenta TC visa MKT Marzo 2026 internacional 1.pdf
,8UZ4MFD6E2,,861045,Facturas Meta/Cartola TC/estado de cuenta TC visa MKT Marzo 2026 internacional 1.pdf
,95ACPER6E2,,10000,Facturas Meta/Cartola TC/estado de cuenta TC visa MKT Marzo 2026 internacional 1.pdf
,99SPSFH6E2,,10000,Facturas Meta/Cartola TC/estado de cuenta TC visa MKT Marzo 2026 internacional 1.pdf
,AT2HTFD6E2,,10000,Facturas Meta/Cartola TC/estado de cuenta TC visa MKT Marzo 2026 internacional 1.pdf
,AXFHYES6E2,,10000,Facturas Meta/Cartola TC/estado de cuenta TC visa MKT Marzo 2026 internacional 1.pdf
,B5B7ZE96E2,,10000,Facturas Meta/Cartola TC/estado de cuenta TC visa MKT Marzo 2026 internacional 1.pdf
,BXDUYE96E2,,10000,Facturas Meta/Cartola TC/estado de cuenta TC visa MKT Marzo 2026 internacional 1.pdf
,BYMKPEV5E2,,10000,Facturas Meta/Cartola TC/estado de cuenta TC visa MKT Marzo 2026 internacional 1.pdf
,C8UD6GZ5E2,,10000,Facturas Meta/Cartola TC/estado de cuenta TC visa MKT Marzo 2026 internacional 1.pdf
,CM2BYE56E2,,10000,Facturas Meta/Cartola TC/estado de cuenta TC visa MKT Marzo 2026 internacional 1.pdf
,CVXN6GZ5E2,,10000,Facturas Meta/Cartola TC/estado de cuenta TC visa MKT Marzo 2026 internacional 1.pdf
,DGZGEEV6E2,,10000,Facturas Meta/Cartola TC/estado de cuenta TC visa MKT Marzo 2026 internacional 1.pdf
,EYL9PER6E2,,10000,Facturas Meta/Cartola TC/estado de cuenta TC visa MKT Marzo 2026 internacional 1.pdf
,F7KA4F56E2,,600000,Facturas Meta/Cartola TC/estado de cuenta TC visa MKT Marzo 2026 internacional 1.pdf
,G7ERGFM6E2,,10000,Facturas Meta/Cartola TC/estado de cuenta TC visa MKT Marzo 2026 internacional 1.pdf
,GT2WXE96E2,,10000,Facturas Meta/Cartola TC/estado de cuenta TC visa MKT Marzo 2026 internacional 1.pdf
,GXLYXE56E2,,10000,Facturas Meta/Cartola TC/estado de cuenta TC visa MKT Marzo 2026 internacional 1.pdf
,HQP5PER6E2,,10000,Facturas Meta/Cartola TC/estado de cuenta TC visa MKT Marzo 2026 internacional 1.pdf
,JTM9PEV5E2,,10000,Facturas Meta/Cartola TC/estado de cuenta TC visa MKT Marzo 2026 internacional 1.pdf
,JVGCPEV5E2,,10000,Facturas Meta/Cartola TC/estado de cuenta TC visa MKT Marzo 2026 internacional 1.pdf
,K6E58GZ5E2,,10000,Facturas Meta/Cartola TC/estado de cuenta TC visa MKT Marzo 2026 internacional 1.pdf
,L68T7GZ5E2,,10000,Facturas Meta/Cartola TC/estado de cuenta TC visa MKT Marzo 2026 internacional 1.pdf
,L6GTEEV6E2,,10000,Facturas Meta/Cartola TC/estado de cuenta TC visa MKT Marzo 2026 internacional 1.pdf
,MQVEPER6E2,,10000,Facturas Meta/Cartola TC/estado de cuenta TC visa MKT Marzo 2026 internacional 1.pdf
,N9HSMEV5E2,,10000,Facturas Meta/Cartola TC/estado de cuenta TC visa MKT Marzo 2026 internacional 1.pdf
,NND8PER6E2,,10000,Facturas Meta/Cartola TC/estado de cuenta TC visa MKT Marzo 2026 internacional 1.pdf
,NSKKEEV6E2,,10000,Facturas Meta/Cartola TC/estado de cuenta TC visa MKT Marzo 2026 internacional 1.pdf
,PH4ZQFH6E2,,10000,Facturas Meta/Cartola TC/estado de cuenta TC visa MKT Marzo 2026 internacional 1.pdf
,R8L3YE56E2,,10000,Facturas Meta/Cartola TC/estado de cuenta TC visa MKT Marzo 2026 internacional 1.pdf
,SD95FFM6E2,,10000,Facturas Meta/Cartola TC/estado de cuenta TC visa MKT Marzo 2026 internacional 1.pdf
,SR3PMEV5E2,,10000,Facturas Meta/Cartola TC/estado de cuenta TC visa MKT Marzo 2026 internacional 1.pdf
,SRQ7ZE56E2,,10000,Facturas Meta/Cartola TC/estado de cuenta TC visa MKT Marzo 2026 internacional 1.pdf
,T2ZBNER6E2,,10000,Facturas Meta/Cartola TC/estado de cuenta TC visa MKT Marzo 2026 internacional 1.pdf
,TGQBNEV5E2,,10000,Facturas Meta/Cartola TC/estado de cuenta TC visa MKT Marzo 2026 internacional 1.pdf
,UGLVYE56E2,,10000,Facturas Meta/Cartola TC/estado de cuenta TC visa MKT Marzo 2026 internacional 1.pdf
,VZDZNEV5E2,,10000,Facturas Meta/Cartola TC/estado de cuenta TC visa MKT Marzo 2026 internacional 1.pdf
,WJC96GZ5E2,,10000,Facturas Meta/Cartola TC/estado de cuenta TC visa MKT Marzo 2026 internacional 1.pdf
,XJD4PER6E2,,10000,Facturas Meta/Cartola TC/estado de cuenta TC visa MKT Marzo 2026 internacional 1.pdf
,XMSL6B5552,,5,Facturas Meta/Cartola TC/estado de cuenta TC visa MKT febrero 2026 internacional 1.pdf
,Y5GBPEV5E2,,10000,Facturas Meta/Cartola TC/estado de cuenta TC visa MKT Marzo 2026 internacional 1.pdf
,YG33ZE96E2,,10000,Facturas Meta/Cartola TC/estado de cuenta TC visa MKT Marzo 2026 internacional 1.pdf
,YK92FEV6E2,,10000,Facturas Meta/Cartola TC/estado de cuenta TC visa MKT Marzo 2026 internacional 1.pdf
,YPTJPER6GE2,,10000,Facturas Meta/Cartola TC/estado de cuenta TC visa MKT Marzo 2026 internacional 1.pdf
,ZD5B3EM6E2,,1723,Facturas Meta/Cartola TC/estado de cuenta TC visa MKT febrero 2026 internacional 1.pdf
,ZEFUNER6E2,,10000,Facturas Meta/Cartola TC/estado de cuenta TC visa MKT Marzo 2026 internacional 1.pdf
,ZHBANEV5E2,,10000,Facturas Meta/Cartola TC/estado de cuenta TC visa MKT Marzo 2026 internacional 1.pdf
,ZQM5EEV6E2,,10000,Facturas Meta/Cartola TC/estado de cuenta TC visa MKT Marzo 2026 internacional 1.pdf
,ZVJ2QER6E2,,10000,Facturas Meta/Cartola TC/estado de cuenta TC visa MKT Marzo 2026 internacional 1.pdf
