invoiceId,invoiceDate,month,platform,brand,campaignName,amount,legalEntity,comuna,project,pepCode,matched,referenceId,referenceType,mappingBrand,sourceFile
5561173542,2026-04-30,2026-04,Google Ads,Almagro Inmobiliaria,Ajuste de cuadratura,210,Almagro S.A,Las Condes,PLP 1,I-ALM-2226,True,5561173542-ajuste,invoiceNumber,,Facturas Google/Almagro/abril_2026/5561173542_Almagro.pdf
5561173542,2026-04-30,2026-04,Google Ads,Almagro Inmobiliaria,Antofagasta | Demand Gen | Almagro Terra,290721,Almagro S.A,Antofagasta,Almagro Terra,I-ALM-2360,True,5561173542,invoiceNumber,Almagro,Facturas Google/Almagro/abril_2026/5561173542_Almagro.pdf
5561173542,2026-04-30,2026-04,Google Ads,Almagro Inmobiliaria,Antofagasta | Demand Gen | Almagro Terra,250150,Almagro S.A,Antofagasta,Almagro Terra,I-ALM-2360,True,5561173542,invoiceNumber,Almagro,Facturas Google/Almagro/abril_2026/5561173542_Almagro.pdf
5561173542,2026-04-30,2026-04,Google Ads,Almagro Inmobiliaria,Antofagasta | MR | Almagro Terra,795991,Almagro S.A,Antofagasta,Almagro Terra,I-ALM-2360,True,5561173542,invoiceNumber,Almagro,Facturas Google/Almagro/abril_2026/5561173542_Almagro.pdf
5561173542,2026-04-30,2026-04,Google Ads,Almagro Inmobiliaria,Antofagasta | MR | Almagro Terra,7299,Almagro S.A,Antofagasta,Almagro Terra,I-ALM-2360,True,5561173542,invoiceNumber,Almagro,Facturas Google/Almagro/abril_2026/5561173542_Almagro.pdf
5561173542,2026-04-30,2026-04,Google Ads,Almagro Inmobiliaria,Antofagasta | MR | Parque Brasil,467167,Almagro S.A,Antofagasta,Parque Brasil,I-ALM-2285,True,5561173542,invoiceNumber,Almagro,Facturas Google/Almagro/abril_2026/5561173542_Almagro.pdf
5561173542,2026-04-30,2026-04,Google Ads,Almagro Inmobiliaria,Antofagasta | MR | Parque Brasil,17721,Almagro S.A,Antofagasta,Parque Brasil,I-ALM-2285,True,5561173542,invoiceNumber,Almagro,Facturas Google/Almagro/abril_2026/5561173542_Almagro.pdf
5561173542,2026-04-30,2026-04,Google Ads,Almagro Inmobiliaria,Nacional | AO S | Por Categoria | Always On,100073,Almagro S.A,Genérico,Insigne,I-ALM-2157,True,5561173542,invoiceNumber,Almagro,Facturas Google/Almagro/abril_2026/5561173542_Almagro.pdf
5561173542,2026-04-30,2026-04,Google Ads,Almagro Inmobiliaria,Nacional | AO S | Por Categoria | Always On,100073,Almagro S.A,Genérico,Insigne,I-ALM-2157,True,5561173542,invoiceNumber,Almagro,Facturas Google/Almagro/abril_2026/5561173542_Almagro.pdf
5561173542,2026-04-30,2026-04,Google Ads,Almagro Inmobiliaria,Nacional | AO S | Por Categoria | Always On,100073,Almagro S.A,Genérico,Insigne,I-ALM-2157,True,5561173542,invoiceNumber,Almagro,Facturas Google/Almagro/abril_2026/5561173542_Almagro.pdf
5561173542,2026-04-30,2026-04,Google Ads,Almagro Inmobiliaria,Nacional | AO S | Por Categoria | Always On,100073,Almagro S.A,Genérico,Insigne,I-ALM-2157,True,5561173542,invoiceNumber,Almagro,Facturas Google/Almagro/abril_2026/5561173542_Almagro.pdf
5561173542,2026-04-30,2026-04,Google Ads,Almagro Inmobiliaria,Nacional | AO S | Por Categoria | Always On,100072,Almagro S.A,Genérico,Insigne,I-ALM-2157,True,5561173542,invoiceNumber,Almagro,Facturas Google/Almagro/abril_2026/5561173542_Almagro.pdf
5561173542,2026-04-30,2026-04,Google Ads,Almagro Inmobiliaria,Nacional | AO S | Por Categoria | Always On,100072,Almagro S.A,Genérico,Insigne,I-ALM-2157,True,5561173542,invoiceNumber,Almagro,Facturas Google/Almagro/abril_2026/5561173542_Almagro.pdf
5561173542,2026-04-30,2026-04,Google Ads,Almagro Inmobiliaria,Nacional | AO S | Por Categoria | Always On,100072,Almagro S.A,Genérico,Insigne,I-ALM-2157,True,5561173542,invoiceNumber,Almagro,Facturas Google/Almagro/abril_2026/5561173542_Almagro.pdf
5561173542,2026-04-30,2026-04,Google Ads,Almagro Inmobiliaria,Nacional | AO S | Por Categoria | Always On,100072,Almagro S.A,Genérico,Insigne,I-ALM-2157,True,5561173542,invoiceNumber,Almagro,Facturas Google/Almagro/abril_2026/5561173542_Almagro.pdf
5561173542,2026-04-30,2026-04,Google Ads,Almagro Inmobiliaria,Nacional | AO S | Por Categoria | Always On,100072,Almagro S.A,Genérico,Insigne,I-ALM-2157,True,5561173542,invoiceNumber,Almagro,Facturas Google/Almagro/abril_2026/5561173542_Almagro.pdf
5561173542,2026-04-30,2026-04,Google Ads,Almagro Inmobiliaria,Nacional | AO S | Por Categoria | Always On,100072,Almagro S.A,Genérico,Insigne,I-ALM-2157,True,5561173542,invoiceNumber,Almagro,Facturas Google/Almagro/abril_2026/5561173542_Almagro.pdf
5561173542,2026-04-30,2026-04,Google Ads,Almagro Inmobiliaria,Nacional | AO S | Por Categoria | Always On,100072,Almagro S.A,Genérico,Insigne,I-ALM-2157,True,5561173542,invoiceNumber,Almagro,Facturas Google/Almagro/abril_2026/5561173542_Almagro.pdf
5561173542,2026-04-30,2026-04,Google Ads,Almagro Inmobiliaria,Nacional | AO S | Por Categoria | Always On,100072,Almagro S.A,Genérico,Insigne,I-ALM-2157,True,5561173542,invoiceNumber,Almagro,Facturas Google/Almagro/abril_2026/5561173542_Almagro.pdf
5561173542,2026-04-30,2026-04,Google Ads,Almagro Inmobiliaria,Nacional | AO S | Por Categoria | Always On,100072,Almagro S.A,Genérico,Insigne,I-ALM-2157,True,5561173542,invoiceNumber,Almagro,Facturas Google/Almagro/abril_2026/5561173542_Almagro.pdf
5561173542,2026-04-30,2026-04,Google Ads,Almagro Inmobiliaria,Nacional | AO S | Por Categoria | Always On,100072,Almagro S.A,Genérico,Insigne,I-ALM-2157,True,5561173542,invoiceNumber,Almagro,Facturas Google/Almagro/abril_2026/5561173542_Almagro.pdf
5561173542,2026-04-30,2026-04,Google Ads,Almagro Inmobiliaria,Norte | AO S | Por Comuna | Antofagasta,1705221,Almagro S.A,Antofagasta,Parque Brasil,I-ALM-2285,True,5561173542,invoiceNumber,Almagro,Facturas Google/Almagro/abril_2026/5561173542_Almagro.pdf
5561173542,2026-04-30,2026-04,Google Ads,Almagro Inmobiliaria,Norte | AO S | Por Comuna | Antofagasta,1705221,Almagro S.A,Antofagasta,Parque Brasil,I-ALM-2285,True,5561173542,invoiceNumber,Almagro,Facturas Google/Almagro/abril_2026/5561173542_Almagro.pdf
5561173542,2026-04-30,2026-04,Google Ads,Almagro Inmobiliaria,Santiago | AO S | Inversionistas 2,70780,Almagro S.A,Inversionista,Insigne,I-ALM-2157,True,5561173542,invoiceNumber,Almagro,Facturas Google/Almagro/abril_2026/5561173542_Almagro.pdf
5561173542,2026-04-30,2026-04,Google Ads,Almagro Inmobiliaria,Santiago | AO S | Inversionistas 2,70780,Almagro S.A,Inversionista,Insigne,I-ALM-2157,True,5561173542,invoiceNumber,Almagro,Facturas Google/Almagro/abril_2026/5561173542_Almagro.pdf
5561173542,2026-04-30,2026-04,Google Ads,Almagro Inmobiliaria,Santiago | AO S | Inversionistas 2,70780,Almagro S.A,Inversionista,Insigne,I-ALM-2157,True,5561173542,invoiceNumber,Almagro,Facturas Google/Almagro/abril_2026/5561173542_Almagro.pdf
5561173542,2026-04-30,2026-04,Google Ads,Almagro Inmobiliaria,Santiago | AO S | Inversionistas 2,70780,Almagro S.A,Inversionista,Insigne,I-ALM-2157,True,5561173542,invoiceNumber,Almagro,Facturas Google/Almagro/abril_2026/5561173542_Almagro.pdf
5561173542,2026-04-30,2026-04,Google Ads,Almagro Inmobiliaria,Santiago | AO S | Inversionistas 2,70780,Almagro S.A,Inversionista,Insigne,I-ALM-2157,True,5561173542,invoiceNumber,Almagro,Facturas Google/Almagro/abril_2026/5561173542_Almagro.pdf
5561173542,2026-04-30,2026-04,Google Ads,Almagro Inmobiliaria,Santiago | AO S | Inversionistas 2,70780,Almagro S.A,Inversionista,Insigne,I-ALM-2157,True,5561173542,invoiceNumber,Almagro,Facturas Google/Almagro/abril_2026/5561173542_Almagro.pdf
5561173542,2026-04-30,2026-04,Google Ads,Almagro Inmobiliaria,Santiago | AO S | Inversionistas 2,70780,Almagro S.A,Inversionista,Insigne,I-ALM-2157,True,5561173542,invoiceNumber,Almagro,Facturas Google/Almagro/abril_2026/5561173542_Almagro.pdf
5561173542,2026-04-30,2026-04,Google Ads,Almagro Inmobiliaria,Santiago | AO S | Inversionistas 2,70780,Almagro S.A,Inversionista,Insigne,I-ALM-2157,True,5561173542,invoiceNumber,Almagro,Facturas Google/Almagro/abril_2026/5561173542_Almagro.pdf
5561173542,2026-04-30,2026-04,Google Ads,Almagro Inmobiliaria,Santiago | AO S | Inversionistas 2,70780,Almagro S.A,Inversionista,Insigne,I-ALM-2157,True,5561173542,invoiceNumber,Almagro,Facturas Google/Almagro/abril_2026/5561173542_Almagro.pdf
5561173542,2026-04-30,2026-04,Google Ads,Almagro Inmobiliaria,Santiago | AO S | Inversionistas 2,70780,Almagro S.A,Inversionista,Insigne,I-ALM-2157,True,5561173542,invoiceNumber,Almagro,Facturas Google/Almagro/abril_2026/5561173542_Almagro.pdf
5561173542,2026-04-30,2026-04,Google Ads,Almagro Inmobiliaria,Santiago | AO S | Inversionistas 2,70780,Almagro S.A,Inversionista,Insigne,I-ALM-2157,True,5561173542,invoiceNumber,Almagro,Facturas Google/Almagro/abril_2026/5561173542_Almagro.pdf
5561173542,2026-04-30,2026-04,Google Ads,Almagro Inmobiliaria,Santiago | AO S | Inversionistas 2,70780,Almagro S.A,Inversionista,Insigne,I-ALM-2157,True,5561173542,invoiceNumber,Almagro,Facturas Google/Almagro/abril_2026/5561173542_Almagro.pdf
5561173542,2026-04-30,2026-04,Google Ads,Almagro Inmobiliaria,Santiago | AO S | Inversionistas 2,70780,Almagro S.A,Inversionista,Insigne,I-ALM-2157,True,5561173542,invoiceNumber,Almagro,Facturas Google/Almagro/abril_2026/5561173542_Almagro.pdf
5561173542,2026-04-30,2026-04,Google Ads,Almagro Inmobiliaria,Santiago | AO S | Inversionistas 2,70780,Almagro S.A,Inversionista,Insigne,I-ALM-2157,True,5561173542,invoiceNumber,Almagro,Facturas Google/Almagro/abril_2026/5561173542_Almagro.pdf
5561173542,2026-04-30,2026-04,Google Ads,Almagro Inmobiliaria,Santiago | AO S | Por Comuna | Las Condes,1778624,Almagro S.A,Las Condes,PLP 1,I-ALM-2226,True,5561173542,invoiceNumber,Almagro,Facturas Google/Almagro/abril_2026/5561173542_Almagro.pdf
5561173542,2026-04-30,2026-04,Google Ads,Almagro Inmobiliaria,Santiago | AO S | Por Comuna | Las Condes,1778624,Almagro S.A,Las Condes,PLP 1,I-ALM-2226,True,5561173542,invoiceNumber,Almagro,Facturas Google/Almagro/abril_2026/5561173542_Almagro.pdf
5561173542,2026-04-30,2026-04,Google Ads,Almagro Inmobiliaria,Santiago | AO S | Por Comuna | Las Condes,1778624,Almagro S.A,Las Condes,PLP 1,I-ALM-2226,True,5561173542,invoiceNumber,Almagro,Facturas Google/Almagro/abril_2026/5561173542_Almagro.pdf
5561173542,2026-04-30,2026-04,Google Ads,Almagro Inmobiliaria,Santiago | AO S | Por Comuna | Lo Barnechea | Los Cactus,985727,Almagro S.A,Lo Barnechea,Los Cactus,I-ALM-2342,True,5561173542,invoiceNumber,Almagro,Facturas Google/Almagro/abril_2026/5561173542_Almagro.pdf
5561173542,2026-04-30,2026-04,Google Ads,Almagro Inmobiliaria,Santiago | AO S | Por Comuna | Macul | 2,1275361,Almagro S.A,Macul,Insigne,I-ALM-2157,True,5561173542,invoiceNumber,Almagro,Facturas Google/Almagro/abril_2026/5561173542_Almagro.pdf
5561173542,2026-04-30,2026-04,Google Ads,Almagro Inmobiliaria,Santiago | AO S | Por Comuna | Nunoa #2,1527372,Almagro S.A,Ñuñoa,Almagro Plus,I-ALM-2234,True,5561173542,invoiceNumber,Almagro,Facturas Google/Almagro/abril_2026/5561173542_Almagro.pdf
5561173542,2026-04-30,2026-04,Google Ads,Almagro Inmobiliaria,Santiago | AO S | Por Comuna | Nunoa #2,1527372,Almagro S.A,Ñuñoa,Almagro Plus,I-ALM-2234,True,5561173542,invoiceNumber,Almagro,Facturas Google/Almagro/abril_2026/5561173542_Almagro.pdf
5561173542,2026-04-30,2026-04,Google Ads,Almagro Inmobiliaria,Santiago | AO S | Por Comuna | Providencia,1522648,Almagro S.A,Providencia,Lyon Bilbao,I-ALM-2211,True,5561173542,invoiceNumber,Almagro,Facturas Google/Almagro/abril_2026/5561173542_Almagro.pdf
5561173542,2026-04-30,2026-04,Google Ads,Almagro Inmobiliaria,Santiago | AO S | Por Comuna | Providencia,1522647,Almagro S.A,Providencia,Lyon Bilbao,I-ALM-2211,True,5561173542,invoiceNumber,Almagro,Facturas Google/Almagro/abril_2026/5561173542_Almagro.pdf
5561173542,2026-04-30,2026-04,Google Ads,Almagro Inmobiliaria,Santiago | AO S | Por Comuna | Providencia,1522647,Almagro S.A,Providencia,Lyon Bilbao,I-ALM-2211,True,5561173542,invoiceNumber,Almagro,Facturas Google/Almagro/abril_2026/5561173542_Almagro.pdf
5561173542,2026-04-30,2026-04,Google Ads,Almagro Inmobiliaria,Santiago | AO S | Por Comuna | Providencia,1522647,Almagro S.A,Providencia,Lyon Bilbao,I-ALM-2211,True,5561173542,invoiceNumber,Almagro,Facturas Google/Almagro/abril_2026/5561173542_Almagro.pdf
5561173542,2026-04-30,2026-04,Google Ads,Almagro Inmobiliaria,Santiago | AO S | Por Comuna | Santiago Centro #2,1741695,Almagro S.A,Santiago Centro,Carrera 4,I-ALM-2275,True,5561173542,invoiceNumber,Almagro,Facturas Google/Almagro/abril_2026/5561173542_Almagro.pdf
5561173542,2026-04-30,2026-04,Google Ads,Almagro Inmobiliaria,Santiago | AO S | Tudeptoestupie,70238,Almagro S.A,PPP,Insigne,I-ALM-2157,True,5561173542,invoiceNumber,Almagro,Facturas Google/Almagro/abril_2026/5561173542_Almagro.pdf
5561173542,2026-04-30,2026-04,Google Ads,Almagro Inmobiliaria,Santiago | AO S | Tudeptoestupie,70238,Almagro S.A,PPP,Insigne,I-ALM-2157,True,5561173542,invoiceNumber,Almagro,Facturas Google/Almagro/abril_2026/5561173542_Almagro.pdf
5561173542,2026-04-30,2026-04,Google Ads,Almagro Inmobiliaria,Santiago | AO S | Tudeptoestupie,70237,Almagro S.A,PPP,Insigne,I-ALM-2157,True,5561173542,invoiceNumber,Almagro,Facturas Google/Almagro/abril_2026/5561173542_Almagro.pdf
5561173542,2026-04-30,2026-04,Google Ads,Almagro Inmobiliaria,Santiago | AO S | Tudeptoestupie,70237,Almagro S.A,PPP,Insigne,I-ALM-2157,True,5561173542,invoiceNumber,Almagro,Facturas Google/Almagro/abril_2026/5561173542_Almagro.pdf
5561173542,2026-04-30,2026-04,Google Ads,Almagro Inmobiliaria,Santiago | AO S | Tudeptoestupie,70237,Almagro S.A,PPP,Insigne,I-ALM-2157,True,5561173542,invoiceNumber,Almagro,Facturas Google/Almagro/abril_2026/5561173542_Almagro.pdf
5561173542,2026-04-30,2026-04,Google Ads,Almagro Inmobiliaria,Santiago | AO S | Tudeptoestupie,70237,Almagro S.A,PPP,Insigne,I-ALM-2157,True,5561173542,invoiceNumber,Almagro,Facturas Google/Almagro/abril_2026/5561173542_Almagro.pdf
5561173542,2026-04-30,2026-04,Google Ads,Almagro Inmobiliaria,Santiago | AO S | Tudeptoestupie,70237,Almagro S.A,PPP,Insigne,I-ALM-2157,True,5561173542,invoiceNumber,Almagro,Facturas Google/Almagro/abril_2026/5561173542_Almagro.pdf
5561173542,2026-04-30,2026-04,Google Ads,Almagro Inmobiliaria,Santiago | AO S | Tudeptoestupie,70237,Almagro S.A,PPP,Insigne,I-ALM-2157,True,5561173542,invoiceNumber,Almagro,Facturas Google/Almagro/abril_2026/5561173542_Almagro.pdf
5561173542,2026-04-30,2026-04,Google Ads,Almagro Inmobiliaria,Santiago | AO S | Tudeptoestupie,70237,Almagro S.A,PPP,Insigne,I-ALM-2157,True,5561173542,invoiceNumber,Almagro,Facturas Google/Almagro/abril_2026/5561173542_Almagro.pdf
5561173542,2026-04-30,2026-04,Google Ads,Almagro Inmobiliaria,Santiago | AO S | Tudeptoestupie,70237,Almagro S.A,PPP,Insigne,I-ALM-2157,True,5561173542,invoiceNumber,Almagro,Facturas Google/Almagro/abril_2026/5561173542_Almagro.pdf
5561173542,2026-04-30,2026-04,Google Ads,Almagro Inmobiliaria,Santiago | AO S | Tudeptoestupie,70237,Almagro S.A,PPP,Insigne,I-ALM-2157,True,5561173542,invoiceNumber,Almagro,Facturas Google/Almagro/abril_2026/5561173542_Almagro.pdf
5561173542,2026-04-30,2026-04,Google Ads,Almagro Inmobiliaria,Santiago | AO S | Tudeptoestupie,70237,Almagro S.A,PPP,Insigne,I-ALM-2157,True,5561173542,invoiceNumber,Almagro,Facturas Google/Almagro/abril_2026/5561173542_Almagro.pdf
5561173542,2026-04-30,2026-04,Google Ads,Almagro Inmobiliaria,Santiago | AO S | Tudeptoestupie,70237,Almagro S.A,PPP,Insigne,I-ALM-2157,True,5561173542,invoiceNumber,Almagro,Facturas Google/Almagro/abril_2026/5561173542_Almagro.pdf
5561173542,2026-04-30,2026-04,Google Ads,Almagro Inmobiliaria,Santiago | AO S | Tudeptoestupie,70237,Almagro S.A,PPP,Insigne,I-ALM-2157,True,5561173542,invoiceNumber,Almagro,Facturas Google/Almagro/abril_2026/5561173542_Almagro.pdf
5561173542,2026-04-30,2026-04,Google Ads,Almagro Inmobiliaria,Santiago | MR | Insigne,474041,Almagro S.A,Macul,Insigne,I-ALM-2157,True,5561173542,invoiceNumber,Almagro,Facturas Google/Almagro/abril_2026/5561173542_Almagro.pdf
5561173542,2026-04-30,2026-04,Google Ads,Almagro Inmobiliaria,Santiago | MR | Insigne,10914,Almagro S.A,Macul,Insigne,I-ALM-2157,True,5561173542,invoiceNumber,Almagro,Facturas Google/Almagro/abril_2026/5561173542_Almagro.pdf
5561173542,2026-04-30,2026-04,Google Ads,Almagro Inmobiliaria,Santiago | MR | Plus,472490,Almagro S.A,Ñuñoa,Almagro Plus,I-ALM-2234,True,5561173542,invoiceNumber,Almagro,Facturas Google/Almagro/abril_2026/5561173542_Almagro.pdf
5561173542,2026-04-30,2026-04,Google Ads,Almagro Inmobiliaria,Santiago | MR | Plus,10838,Almagro S.A,Ñuñoa,Almagro Plus,I-ALM-2234,True,5561173542,invoiceNumber,Almagro,Facturas Google/Almagro/abril_2026/5561173542_Almagro.pdf
5561173542,2026-04-30,2026-04,Google Ads,Almagro Inmobiliaria,Santiago | MR | Rengo,483617,Arcilla Roja,Providencia,Rengo,I-ALM-2288,True,5561173542,invoiceNumber,Almagro,Facturas Google/Almagro/abril_2026/5561173542_Almagro.pdf
5561173542,2026-04-30,2026-04,Google Ads,Almagro Inmobiliaria,Santiago | MR | Rengo,20491,Arcilla Roja,Providencia,Rengo,I-ALM-2288,True,5561173542,invoiceNumber,Almagro,Facturas Google/Almagro/abril_2026/5561173542_Almagro.pdf
5561290576,2026-04-30,2026-04,Google Ads,Socovesa,Ajuste de cuadratura,-1500,Inmobiliaria Encinas de Peñalolen,Lampa,Las Pataguas,I-STG-2366,True,5561290576-ajuste,invoiceNumber,,Facturas Google/Socovesa/abril_2026/5561290576_Socovesa.pdf
5561290576,2026-04-30,2026-04,Google Ads,Socovesa,Centro Sur | AO S | Por Ciudad | Chillan 2,372206,Socovesa Sur S.A,Chillán,PDL,I-SUR-2372,True,5561290576,invoiceNumber,Socovesa Sur,Facturas Google/Socovesa/abril_2026/5561290576_Socovesa.pdf
5561290576,2026-04-30,2026-04,Google Ads,Socovesa,Centro Sur | AO S | Por Ciudad | Chillan 2,372205,Socovesa Sur S.A,Chillán,PDL,I-SUR-2372,True,5561290576,invoiceNumber,Socovesa Sur,Facturas Google/Socovesa/abril_2026/5561290576_Socovesa.pdf
5561290576,2026-04-30,2026-04,Google Ads,Socovesa,Centro Sur | AO S | Por Ciudad | Los Angeles #2,208649,Socovesa Sur S.A,Los Ángeles,Alto Maderos,I-SUR-2335,True,5561290576,invoiceNumber,Socovesa Sur,Facturas Google/Socovesa/abril_2026/5561290576_Socovesa.pdf
5561290576,2026-04-30,2026-04,Google Ads,Socovesa,Centro Sur | AO S | Por Ciudad | Los Angeles #2,208648,Socovesa Sur S.A,Los Ángeles,Alto Maderos,I-SUR-2335,True,5561290576,invoiceNumber,Socovesa Sur,Facturas Google/Socovesa/abril_2026/5561290576_Socovesa.pdf
5561290576,2026-04-30,2026-04,Google Ads,Socovesa,Santiago | AO S | Comuna | La Florida,1005266,ANGAMOS / TERRA,Sin asignar,Almagro Terra,I-ALM-2360,True,5561290576,invoiceNumber,,Facturas Google/Socovesa/abril_2026/5561290576_Socovesa.pdf
5561290576,2026-04-30,2026-04,Google Ads,Socovesa,Santiago | AO S | Por Categoria | Always On Santiago,381494,INSOCO,Genérico,Los Coihues,I-STG-2325,True,5561290576,invoiceNumber,Socovesa Santiago,Facturas Google/Socovesa/abril_2026/5561290576_Socovesa.pdf
5561290576,2026-04-30,2026-04,Google Ads,Socovesa,Santiago | AO S | Por Categoria | Always On Santiago,381493,INSOCO,Genérico,Los Coihues,I-STG-2325,True,5561290576,invoiceNumber,Socovesa Santiago,Facturas Google/Socovesa/abril_2026/5561290576_Socovesa.pdf
5561290576,2026-04-30,2026-04,Google Ads,Socovesa,Santiago | AO S | Por Categoria | Always On Santiago,381493,INSOCO,Genérico,Los Coihues,I-STG-2325,True,5561290576,invoiceNumber,Socovesa Santiago,Facturas Google/Socovesa/abril_2026/5561290576_Socovesa.pdf
5561290576,2026-04-30,2026-04,Google Ads,Socovesa,Santiago | AO S | Por Categoria | Always On Santiago,381493,INSOCO,Genérico,Los Coihues,I-STG-2325,True,5561290576,invoiceNumber,Socovesa Santiago,Facturas Google/Socovesa/abril_2026/5561290576_Socovesa.pdf
5561290576,2026-04-30,2026-04,Google Ads,Socovesa,Santiago | AO S | Por Categoria | Always On Santiago,381493,INSOCO,Genérico,Los Coihues,I-STG-2325,True,5561290576,invoiceNumber,Socovesa Santiago,Facturas Google/Socovesa/abril_2026/5561290576_Socovesa.pdf
5561290576,2026-04-30,2026-04,Google Ads,Socovesa,Santiago | AO S | Por Categoria | Always On Santiago,381493,INSOCO,Genérico,Los Coihues,I-STG-2325,True,5561290576,invoiceNumber,Socovesa Santiago,Facturas Google/Socovesa/abril_2026/5561290576_Socovesa.pdf
5561290576,2026-04-30,2026-04,Google Ads,Socovesa,Santiago | AO S | Por Comuna | Lampa,1765057,Inmobiliaria Encinas de Peñalolen,Lampa,Los Coihues,I-STG-2325,True,5561290576,invoiceNumber,Socovesa Santiago,Facturas Google/Socovesa/abril_2026/5561290576_Socovesa.pdf
5561290576,2026-04-30,2026-04,Google Ads,Socovesa,Santiago | AO S | Por Comuna | Maipu V2,1726276,Inmobiliaria El Descubridor,Maipú,Pajaritos,I-STG-2204,True,5561290576,invoiceNumber,Socovesa Santiago,Facturas Google/Socovesa/abril_2026/5561290576_Socovesa.pdf
5561290576,2026-04-30,2026-04,Google Ads,Socovesa,Santiago | AO S | Por Comuna | Ñuñoa #2,1745482,Inmobiliaria El Descubridor,Ñuñoa,Marathon,I-SVS-2349,True,5561290576,invoiceNumber,Socovesa Santiago,Facturas Google/Socovesa/abril_2026/5561290576_Socovesa.pdf
5561290576,2026-04-30,2026-04,Google Ads,Socovesa,Santiago | AO S | Por Proyecto | Las Pataguas | Lampa,2212252,Inmobiliaria Encinas de Peñalolen,Lampa,Las Pataguas,I-STG-2366,True,5561290576,invoiceNumber,Socovesa Santiago,Facturas Google/Socovesa/abril_2026/5561290576_Socovesa.pdf
5561290576,2026-04-30,2026-04,Google Ads,Socovesa,Santiago | AO S | Por Proyecto | Macul | Coipué,1596248,Sociedad Comercializadora Metropolitana,Macul,Coipue,I-STG-2229,True,5561290576,invoiceNumber,Socovesa Santiago,Facturas Google/Socovesa/abril_2026/5561290576_Socovesa.pdf
5561290576,2026-04-30,2026-04,Google Ads,Socovesa,Santiago | Max. Rend. | Por Proyecto | Lampa | Los Coihues,598804,Inmobiliaria Encinas de Peñalolen,Lampa,Los Coihues,I-STG-2325,True,5561290576,invoiceNumber,Socovesa Santiago,Facturas Google/Socovesa/abril_2026/5561290576_Socovesa.pdf
5561290576,2026-04-30,2026-04,Google Ads,Socovesa,Santiago | Max. Rend. | Por Proyecto | Lampa | Los Coihues,12557,Inmobiliaria Encinas de Peñalolen,Lampa,Los Coihues,I-STG-2325,True,5561290576,invoiceNumber,Socovesa Santiago,Facturas Google/Socovesa/abril_2026/5561290576_Socovesa.pdf
5561290576,2026-04-30,2026-04,Google Ads,Socovesa,Santiago | Max. Rend. | Por Proyecto | Maipú | Pajaritos,609309,Inmobiliaria El Descubridor,Maipú,Pajaritos,I-STG-2204,True,5561290576,invoiceNumber,Socovesa Santiago,Facturas Google/Socovesa/abril_2026/5561290576_Socovesa.pdf
5561290576,2026-04-30,2026-04,Google Ads,Socovesa,Santiago | Max. Rend. | Por Proyecto | Maipú | Pajaritos,3563,Inmobiliaria El Descubridor,Maipú,Pajaritos,I-STG-2204,True,5561290576,invoiceNumber,Socovesa Santiago,Facturas Google/Socovesa/abril_2026/5561290576_Socovesa.pdf
5561290576,2026-04-30,2026-04,Google Ads,Socovesa,Santiago | Max. Rend. | Por Proyecto | Ñuñoa | Marathon,611746,Pilares S.A,Ñuñoa,Marathon,I-SVS-2349,True,5561290576,invoiceNumber,Socovesa Santiago,Facturas Google/Socovesa/abril_2026/5561290576_Socovesa.pdf
5561290576,2026-04-30,2026-04,Google Ads,Socovesa,Santiago | Max. Rend. | Por Proyecto | Ñuñoa | Marathon,3761,Pilares S.A,Ñuñoa,Marathon,I-SVS-2349,True,5561290576,invoiceNumber,Socovesa Santiago,Facturas Google/Socovesa/abril_2026/5561290576_Socovesa.pdf
5561290576,2026-04-30,2026-04,Google Ads,Socovesa,Sur Austral | AO S | Por Ciudad | Puerto Montt,805079,Socovesa Sur S.A,Puerto Montt,Portal Austral,I-SUR-2340,True,5561290576,invoiceNumber,Socovesa Sur,Facturas Google/Socovesa/abril_2026/5561290576_Socovesa.pdf
5561290576,2026-04-30,2026-04,Google Ads,Socovesa,Sur Austral | AO S | Por Ciudad | Puerto Montt,805078,Socovesa Sur S.A,Puerto Montt,Portal Austral,I-SUR-2340,True,5561290576,invoiceNumber,Socovesa Sur,Facturas Google/Socovesa/abril_2026/5561290576_Socovesa.pdf
5561290576,2026-04-30,2026-04,Google Ads,Socovesa,Sur Austral | AO S | Por Ciudad | Punta Arenas,412358,Socovesa Sur S.A,Punta Arenas,Reserva Magallanes,I-SUR-2323,True,5561290576,invoiceNumber,Socovesa Sur,Facturas Google/Socovesa/abril_2026/5561290576_Socovesa.pdf
5561290576,2026-04-30,2026-04,Google Ads,Socovesa,Sur | AO S | Inversionistas,27222,Socovesa Sur S.A,Inversionista,PDL,I-SUR-2372,True,5561290576,invoiceNumber,Socovesa Sur,Facturas Google/Socovesa/abril_2026/5561290576_Socovesa.pdf
5561290576,2026-04-30,2026-04,Google Ads,Socovesa,Sur | AO S | Inversionistas,27222,Socovesa Sur S.A,Inversionista,PDL,I-SUR-2372,True,5561290576,invoiceNumber,Socovesa Sur,Facturas Google/Socovesa/abril_2026/5561290576_Socovesa.pdf
5561290576,2026-04-30,2026-04,Google Ads,Socovesa,Sur | AO S | Inversionistas,27222,Socovesa Sur S.A,Inversionista,PDL,I-SUR-2372,True,5561290576,invoiceNumber,Socovesa Sur,Facturas Google/Socovesa/abril_2026/5561290576_Socovesa.pdf
5561290576,2026-04-30,2026-04,Google Ads,Socovesa,Sur | AO S | Inversionistas,27222,Socovesa Sur S.A,Inversionista,PDL,I-SUR-2372,True,5561290576,invoiceNumber,Socovesa Sur,Facturas Google/Socovesa/abril_2026/5561290576_Socovesa.pdf
5561290576,2026-04-30,2026-04,Google Ads,Socovesa,Sur | AO S | Inversionistas,27222,Socovesa Sur S.A,Inversionista,PDL,I-SUR-2372,True,5561290576,invoiceNumber,Socovesa Sur,Facturas Google/Socovesa/abril_2026/5561290576_Socovesa.pdf
5561290576,2026-04-30,2026-04,Google Ads,Socovesa,Sur | AO S | Inversionistas,27222,Socovesa Sur S.A,Inversionista,PDL,I-SUR-2372,True,5561290576,invoiceNumber,Socovesa Sur,Facturas Google/Socovesa/abril_2026/5561290576_Socovesa.pdf
5561290576,2026-04-30,2026-04,Google Ads,Socovesa,Sur | AO S | Inversionistas,27222,Socovesa Sur S.A,Inversionista,PDL,I-SUR-2372,True,5561290576,invoiceNumber,Socovesa Sur,Facturas Google/Socovesa/abril_2026/5561290576_Socovesa.pdf
5561290576,2026-04-30,2026-04,Google Ads,Socovesa,Sur | AO S | Inversionistas,27222,Socovesa Sur S.A,Inversionista,PDL,I-SUR-2372,True,5561290576,invoiceNumber,Socovesa Sur,Facturas Google/Socovesa/abril_2026/5561290576_Socovesa.pdf
5561290576,2026-04-30,2026-04,Google Ads,Socovesa,Sur | AO S | Inversionistas,27222,Socovesa Sur S.A,Inversionista,PDL,I-SUR-2372,True,5561290576,invoiceNumber,Socovesa Sur,Facturas Google/Socovesa/abril_2026/5561290576_Socovesa.pdf
5561290576,2026-04-30,2026-04,Google Ads,Socovesa,Sur | AO S | Inversionistas,27222,Socovesa Sur S.A,Inversionista,PDL,I-SUR-2372,True,5561290576,invoiceNumber,Socovesa Sur,Facturas Google/Socovesa/abril_2026/5561290576_Socovesa.pdf
5561290576,2026-04-30,2026-04,Google Ads,Socovesa,Sur | AO S | Inversionistas,27221,Socovesa Sur S.A,Inversionista,PDL,I-SUR-2372,True,5561290576,invoiceNumber,Socovesa Sur,Facturas Google/Socovesa/abril_2026/5561290576_Socovesa.pdf
5561290576,2026-04-30,2026-04,Google Ads,Socovesa,Sur | AO S | Inversionistas,27221,Socovesa Sur S.A,Inversionista,PDL,I-SUR-2372,True,5561290576,invoiceNumber,Socovesa Sur,Facturas Google/Socovesa/abril_2026/5561290576_Socovesa.pdf
5561290576,2026-04-30,2026-04,Google Ads,Socovesa,Sur | AO S | Inversionistas,27221,Socovesa Sur S.A,Inversionista,PDL,I-SUR-2372,True,5561290576,invoiceNumber,Socovesa Sur,Facturas Google/Socovesa/abril_2026/5561290576_Socovesa.pdf
5561290576,2026-04-30,2026-04,Google Ads,Socovesa,Sur | AO S | Por Categoria | Always On Sur,126259,Socovesa Sur S.A,Genérico,PDL,I-SUR-2372,True,5561290576,invoiceNumber,Socovesa Sur,Facturas Google/Socovesa/abril_2026/5561290576_Socovesa.pdf
5561290576,2026-04-30,2026-04,Google Ads,Socovesa,Sur | AO S | Por Categoria | Always On Sur,126259,Socovesa Sur S.A,Genérico,PDL,I-SUR-2372,True,5561290576,invoiceNumber,Socovesa Sur,Facturas Google/Socovesa/abril_2026/5561290576_Socovesa.pdf
5561290576,2026-04-30,2026-04,Google Ads,Socovesa,Sur | AO S | Por Categoria | Always On Sur,126259,Socovesa Sur S.A,Genérico,PDL,I-SUR-2372,True,5561290576,invoiceNumber,Socovesa Sur,Facturas Google/Socovesa/abril_2026/5561290576_Socovesa.pdf
5561290576,2026-04-30,2026-04,Google Ads,Socovesa,Sur | AO S | Por Categoria | Always On Sur,126259,Socovesa Sur S.A,Genérico,PDL,I-SUR-2372,True,5561290576,invoiceNumber,Socovesa Sur,Facturas Google/Socovesa/abril_2026/5561290576_Socovesa.pdf
5561290576,2026-04-30,2026-04,Google Ads,Socovesa,Sur | AO S | Por Categoria | Always On Sur,126259,Socovesa Sur S.A,Genérico,PDL,I-SUR-2372,True,5561290576,invoiceNumber,Socovesa Sur,Facturas Google/Socovesa/abril_2026/5561290576_Socovesa.pdf
5561290576,2026-04-30,2026-04,Google Ads,Socovesa,Sur | AO S | Por Categoria | Always On Sur,126259,Socovesa Sur S.A,Genérico,PDL,I-SUR-2372,True,5561290576,invoiceNumber,Socovesa Sur,Facturas Google/Socovesa/abril_2026/5561290576_Socovesa.pdf
5561290576,2026-04-30,2026-04,Google Ads,Socovesa,Sur | AO S | Por Categoria | Always On Sur,126258,Socovesa Sur S.A,Genérico,PDL,I-SUR-2372,True,5561290576,invoiceNumber,Socovesa Sur,Facturas Google/Socovesa/abril_2026/5561290576_Socovesa.pdf
5561290576,2026-04-30,2026-04,Google Ads,Socovesa,Sur | AO S | Por Categoria | Always On Sur,126258,Socovesa Sur S.A,Genérico,PDL,I-SUR-2372,True,5561290576,invoiceNumber,Socovesa Sur,Facturas Google/Socovesa/abril_2026/5561290576_Socovesa.pdf
5561290576,2026-04-30,2026-04,Google Ads,Socovesa,Sur | AO S | Por Categoria | Always On Sur,126258,Socovesa Sur S.A,Genérico,PDL,I-SUR-2372,True,5561290576,invoiceNumber,Socovesa Sur,Facturas Google/Socovesa/abril_2026/5561290576_Socovesa.pdf
5561290576,2026-04-30,2026-04,Google Ads,Socovesa,Sur | AO S | Por Categoria | Always On Sur,126258,Socovesa Sur S.A,Genérico,PDL,I-SUR-2372,True,5561290576,invoiceNumber,Socovesa Sur,Facturas Google/Socovesa/abril_2026/5561290576_Socovesa.pdf
5561290576,2026-04-30,2026-04,Google Ads,Socovesa,Sur | AO S | Por Categoria | Always On Sur,126258,Socovesa Sur S.A,Genérico,PDL,I-SUR-2372,True,5561290576,invoiceNumber,Socovesa Sur,Facturas Google/Socovesa/abril_2026/5561290576_Socovesa.pdf
5561290576,2026-04-30,2026-04,Google Ads,Socovesa,Sur | AO S | Por Categoria | Always On Sur,126258,Socovesa Sur S.A,Genérico,PDL,I-SUR-2372,True,5561290576,invoiceNumber,Socovesa Sur,Facturas Google/Socovesa/abril_2026/5561290576_Socovesa.pdf
5561290576,2026-04-30,2026-04,Google Ads,Socovesa,Sur | AO S | Por Categoria | Always On Sur,126258,Socovesa Sur S.A,Genérico,PDL,I-SUR-2372,True,5561290576,invoiceNumber,Socovesa Sur,Facturas Google/Socovesa/abril_2026/5561290576_Socovesa.pdf
5561290576,2026-04-30,2026-04,Google Ads,Socovesa,Sur | AO S | Por Ciudad | Temuco,242865,Socovesa Sur S.A,Temuco,N3,I-SUR-2331,True,5561290576,invoiceNumber,Socovesa Sur,Facturas Google/Socovesa/abril_2026/5561290576_Socovesa.pdf
5561290576,2026-04-30,2026-04,Google Ads,Socovesa,Sur | AO S | Por Ciudad | Temuco,242865,Socovesa Sur S.A,Temuco,N3,I-SUR-2331,True,5561290576,invoiceNumber,Socovesa Sur,Facturas Google/Socovesa/abril_2026/5561290576_Socovesa.pdf
5561290576,2026-04-30,2026-04,Google Ads,Socovesa,Sur | AO S | Por Ciudad | Temuco,242865,Socovesa Sur S.A,Temuco,N3,I-SUR-2331,True,5561290576,invoiceNumber,Socovesa Sur,Facturas Google/Socovesa/abril_2026/5561290576_Socovesa.pdf
5561290576,2026-04-30,2026-04,Google Ads,Socovesa,Sur | AO S | Por Ciudad | Temuco,242865,Socovesa Sur S.A,Temuco,N3,I-SUR-2331,True,5561290576,invoiceNumber,Socovesa Sur,Facturas Google/Socovesa/abril_2026/5561290576_Socovesa.pdf
5561290576,2026-04-30,2026-04,Google Ads,Socovesa,Sur | AO S | Por Ciudad | Temuco,242864,Socovesa Sur S.A,Temuco,N3,I-SUR-2331,True,5561290576,invoiceNumber,Socovesa Sur,Facturas Google/Socovesa/abril_2026/5561290576_Socovesa.pdf
5561290576,2026-04-30,2026-04,Google Ads,Socovesa,Sur | AO S | Valdivia,596473,Socovesa Sur S.A,Valdivia,García Reyes,I-SUR-2283,True,5561290576,invoiceNumber,Socovesa Sur,Facturas Google/Socovesa/abril_2026/5561290576_Socovesa.pdf
5565266948,2026-04-30,2026-04,Google Ads,Pilares,Ajuste de cuadratura,799434,ICSA,Santiago Centro,Edificio Ñuble,I-SVS-2173,True,5565266948-ajuste,invoiceNumber,,Facturas Google/Pilares/abril_2026/5565266948_Pilares.pdf
5565266948,2026-04-30,2026-04,Google Ads,Pilares,Santiago | AO S | Always On,139567,Pilares S.A,Genérico,Guillermo Mann,I-SVS-2250,True,5565266948,invoiceNumber,Pilares,Facturas Google/Pilares/abril_2026/5565266948_Pilares.pdf
5565266948,2026-04-30,2026-04,Google Ads,Pilares,Santiago | AO S | Always On,139567,Pilares S.A,Genérico,Guillermo Mann,I-SVS-2250,True,5565266948,invoiceNumber,Pilares,Facturas Google/Pilares/abril_2026/5565266948_Pilares.pdf
5565266948,2026-04-30,2026-04,Google Ads,Pilares,Santiago | AO S | Always On,139566,Pilares S.A,Genérico,Guillermo Mann,I-SVS-2250,True,5565266948,invoiceNumber,Pilares,Facturas Google/Pilares/abril_2026/5565266948_Pilares.pdf
5565266948,2026-04-30,2026-04,Google Ads,Pilares,Santiago | AO S | Always On,139566,Pilares S.A,Genérico,Guillermo Mann,I-SVS-2250,True,5565266948,invoiceNumber,Pilares,Facturas Google/Pilares/abril_2026/5565266948_Pilares.pdf
5565266948,2026-04-30,2026-04,Google Ads,Pilares,Santiago | AO S | Always On,139566,Pilares S.A,Genérico,Guillermo Mann,I-SVS-2250,True,5565266948,invoiceNumber,Pilares,Facturas Google/Pilares/abril_2026/5565266948_Pilares.pdf
5565266948,2026-04-30,2026-04,Google Ads,Pilares,Santiago | AO S | Always On,139566,Pilares S.A,Genérico,Guillermo Mann,I-SVS-2250,True,5565266948,invoiceNumber,Pilares,Facturas Google/Pilares/abril_2026/5565266948_Pilares.pdf
5565266948,2026-04-30,2026-04,Google Ads,Pilares,Santiago | AO S | Always On,139566,Pilares S.A,Genérico,Guillermo Mann,I-SVS-2250,True,5565266948,invoiceNumber,Pilares,Facturas Google/Pilares/abril_2026/5565266948_Pilares.pdf
5565266948,2026-04-30,2026-04,Google Ads,Pilares,Santiago | AO S | Inversionistas 2,142977,Pilares S.A,Inversionista,Guillermo Mann,I-SVS-2250,True,5565266948,invoiceNumber,Pilares,Facturas Google/Pilares/abril_2026/5565266948_Pilares.pdf
5565266948,2026-04-30,2026-04,Google Ads,Pilares,Santiago | AO S | Inversionistas 2,142977,Pilares S.A,Inversionista,Guillermo Mann,I-SVS-2250,True,5565266948,invoiceNumber,Pilares,Facturas Google/Pilares/abril_2026/5565266948_Pilares.pdf
5565266948,2026-04-30,2026-04,Google Ads,Pilares,Santiago | AO S | Inversionistas 2,142977,Pilares S.A,Inversionista,Guillermo Mann,I-SVS-2250,True,5565266948,invoiceNumber,Pilares,Facturas Google/Pilares/abril_2026/5565266948_Pilares.pdf
5565266948,2026-04-30,2026-04,Google Ads,Pilares,Santiago | AO S | Inversionistas 2,142977,Pilares S.A,Inversionista,Guillermo Mann,I-SVS-2250,True,5565266948,invoiceNumber,Pilares,Facturas Google/Pilares/abril_2026/5565266948_Pilares.pdf
5565266948,2026-04-30,2026-04,Google Ads,Pilares,Santiago | AO S | Inversionistas 2,142977,Pilares S.A,Inversionista,Guillermo Mann,I-SVS-2250,True,5565266948,invoiceNumber,Pilares,Facturas Google/Pilares/abril_2026/5565266948_Pilares.pdf
5565266948,2026-04-30,2026-04,Google Ads,Pilares,Santiago | AO S | Inversionistas 2,142977,Pilares S.A,Inversionista,Guillermo Mann,I-SVS-2250,True,5565266948,invoiceNumber,Pilares,Facturas Google/Pilares/abril_2026/5565266948_Pilares.pdf
5565266948,2026-04-30,2026-04,Google Ads,Pilares,Santiago | AO S | Inversionistas 2,142976,Pilares S.A,Inversionista,Guillermo Mann,I-SVS-2250,True,5565266948,invoiceNumber,Pilares,Facturas Google/Pilares/abril_2026/5565266948_Pilares.pdf
5565266948,2026-04-30,2026-04,Google Ads,Pilares,Santiago | AO S | Por Comuna | Estacion Central #2,1046201,ICSA,Estación Central,Conde del Maule,I-SVS-2255,True,5565266948,invoiceNumber,Pilares,Facturas Google/Pilares/abril_2026/5565266948_Pilares.pdf
5565266948,2026-04-30,2026-04,Google Ads,Pilares,Santiago | AO S | Por Comuna | Independencia,1030756,ICSA,Independencia,Santos Dumont,I-SVS-2246,True,5565266948,invoiceNumber,Pilares,Facturas Google/Pilares/abril_2026/5565266948_Pilares.pdf
5565266948,2026-04-30,2026-04,Google Ads,Pilares,Santiago | AO S | Por Comuna | La Cisterna,982013,ICSA,La Cisterna,Lo Ovalle,I-SVS-2296,True,5565266948,invoiceNumber,Pilares,Facturas Google/Pilares/abril_2026/5565266948_Pilares.pdf
5565266948,2026-04-30,2026-04,Google Ads,Pilares,Santiago | AO S | Por Comuna | La Florida,978222,Pilares S.A,La Florida,Rodriguez Velasco,I-SVS-2289,True,5565266948,invoiceNumber,Pilares,Facturas Google/Pilares/abril_2026/5565266948_Pilares.pdf
5565266948,2026-04-30,2026-04,Google Ads,Pilares,Santiago | AO S | Por Comuna | La Florida,978221,Pilares S.A,La Florida,Rodriguez Velasco,I-SVS-2289,True,5565266948,invoiceNumber,Pilares,Facturas Google/Pilares/abril_2026/5565266948_Pilares.pdf
5565266948,2026-04-30,2026-04,Google Ads,Pilares,Santiago | AO S | Por Comuna | Santiago Centro #2,1701262,ICSA,Santiago Centro,Edificio Ñuble,I-SVS-2173,True,5565266948,invoiceNumber,Pilares,Facturas Google/Pilares/abril_2026/5565266948_Pilares.pdf
5565266948,2026-04-30,2026-04,Google Ads,Pilares,Santiago | AO S | Por Comuna | Ñuñoa #2,985034,Pilares S.A,Ñuñoa,Guillermo Mann,I-SVS-2250,True,5565266948,invoiceNumber,Pilares,Facturas Google/Pilares/abril_2026/5565266948_Pilares.pdf
5565266948,2026-04-30,2026-04,Google Ads,Pilares,Santiago | YT | Por proyecto | Franklin | Santiago Centro,532608,FRANKLIN 360 TORRE A / NATIVO,Sin asignar,Franklin,I-ALM-2212,True,5565266948,invoiceNumber,,Facturas Google/Pilares/abril_2026/5565266948_Pilares.pdf
5570571122,2026-04-30,2026-04,Google Ads,Almagro Propiedades,Ajuste de cuadratura,-1170,Almagro S.A,Propiedades,Insigne,I-ALM-2157,True,5570571122-ajuste,invoiceNumber,,Facturas Google/Almagro Propiedades/abril_2026/5570571122_Almagro Propiedades.pdf
5570571122,2026-04-30,2026-04,Google Ads,Almagro Propiedades,Nacional | AO S | Por Categoria | Propiedades,69945,Almagro S.A,Propiedades,Insigne,I-ALM-2157,True,5570571122,invoiceNumber,Almagro,Facturas Google/Almagro Propiedades/abril_2026/5570571122_Almagro Propiedades.pdf
5570571122,2026-04-30,2026-04,Google Ads,Almagro Propiedades,Nacional | AO S | Por Categoria | Propiedades,69945,Almagro S.A,Propiedades,Insigne,I-ALM-2157,True,5570571122,invoiceNumber,Almagro,Facturas Google/Almagro Propiedades/abril_2026/5570571122_Almagro Propiedades.pdf
5570571122,2026-04-30,2026-04,Google Ads,Almagro Propiedades,Nacional | AO S | Por Categoria | Propiedades,69945,Almagro S.A,Propiedades,Insigne,I-ALM-2157,True,5570571122,invoiceNumber,Almagro,Facturas Google/Almagro Propiedades/abril_2026/5570571122_Almagro Propiedades.pdf
5570571122,2026-04-30,2026-04,Google Ads,Almagro Propiedades,Nacional | AO S | Por Categoria | Propiedades,69945,Almagro S.A,Propiedades,Insigne,I-ALM-2157,True,5570571122,invoiceNumber,Almagro,Facturas Google/Almagro Propiedades/abril_2026/5570571122_Almagro Propiedades.pdf
5570571122,2026-04-30,2026-04,Google Ads,Almagro Propiedades,Nacional | AO S | Por Categoria | Propiedades,69945,Almagro S.A,Propiedades,Insigne,I-ALM-2157,True,5570571122,invoiceNumber,Almagro,Facturas Google/Almagro Propiedades/abril_2026/5570571122_Almagro Propiedades.pdf
5570571122,2026-04-30,2026-04,Google Ads,Almagro Propiedades,Nacional | AO S | Por Categoria | Propiedades,69944,Almagro S.A,Propiedades,Insigne,I-ALM-2157,True,5570571122,invoiceNumber,Almagro,Facturas Google/Almagro Propiedades/abril_2026/5570571122_Almagro Propiedades.pdf
5570571122,2026-04-30,2026-04,Google Ads,Almagro Propiedades,Nacional | AO S | Por Categoria | Propiedades,69944,Almagro S.A,Propiedades,Insigne,I-ALM-2157,True,5570571122,invoiceNumber,Almagro,Facturas Google/Almagro Propiedades/abril_2026/5570571122_Almagro Propiedades.pdf
5570571122,2026-04-30,2026-04,Google Ads,Almagro Propiedades,Nacional | AO S | Por Categoria | Propiedades,69944,Almagro S.A,Propiedades,Insigne,I-ALM-2157,True,5570571122,invoiceNumber,Almagro,Facturas Google/Almagro Propiedades/abril_2026/5570571122_Almagro Propiedades.pdf
5570571122,2026-04-30,2026-04,Google Ads,Almagro Propiedades,Nacional | AO S | Por Categoria | Propiedades,69944,Almagro S.A,Propiedades,Insigne,I-ALM-2157,True,5570571122,invoiceNumber,Almagro,Facturas Google/Almagro Propiedades/abril_2026/5570571122_Almagro Propiedades.pdf
5570571122,2026-04-30,2026-04,Google Ads,Almagro Propiedades,Nacional | AO S | Por Categoria | Propiedades,69944,Almagro S.A,Propiedades,Insigne,I-ALM-2157,True,5570571122,invoiceNumber,Almagro,Facturas Google/Almagro Propiedades/abril_2026/5570571122_Almagro Propiedades.pdf
5570571122,2026-04-30,2026-04,Google Ads,Almagro Propiedades,Nacional | AO S | Por Categoria | Propiedades,69944,Almagro S.A,Propiedades,Insigne,I-ALM-2157,True,5570571122,invoiceNumber,Almagro,Facturas Google/Almagro Propiedades/abril_2026/5570571122_Almagro Propiedades.pdf
5570571122,2026-04-30,2026-04,Google Ads,Almagro Propiedades,Nacional | AO S | Por Categoria | Propiedades,69944,Almagro S.A,Propiedades,Insigne,I-ALM-2157,True,5570571122,invoiceNumber,Almagro,Facturas Google/Almagro Propiedades/abril_2026/5570571122_Almagro Propiedades.pdf
5570571122,2026-04-30,2026-04,Google Ads,Almagro Propiedades,Nacional | AO S | Por Categoria | Propiedades,69944,Almagro S.A,Propiedades,Insigne,I-ALM-2157,True,5570571122,invoiceNumber,Almagro,Facturas Google/Almagro Propiedades/abril_2026/5570571122_Almagro Propiedades.pdf
5570571122,2026-04-30,2026-04,Google Ads,Almagro Propiedades,Nacional | AO S | Por Categoria | Propiedades,69944,Almagro S.A,Propiedades,Insigne,I-ALM-2157,True,5570571122,invoiceNumber,Almagro,Facturas Google/Almagro Propiedades/abril_2026/5570571122_Almagro Propiedades.pdf
5570571122,2026-04-30,2026-04,Google Ads,Almagro Propiedades,Nacional | AO S | Propiedades | Cuota impresiones,19297,Almagro S.A,Propiedades,Insigne,I-ALM-2157,True,5570571122,invoiceNumber,Almagro,Facturas Google/Almagro Propiedades/abril_2026/5570571122_Almagro Propiedades.pdf
5570571122,2026-04-30,2026-04,Google Ads,Almagro Propiedades,Nacional | AO S | Propiedades | Cuota impresiones,19297,Almagro S.A,Propiedades,Insigne,I-ALM-2157,True,5570571122,invoiceNumber,Almagro,Facturas Google/Almagro Propiedades/abril_2026/5570571122_Almagro Propiedades.pdf
5570571122,2026-04-30,2026-04,Google Ads,Almagro Propiedades,Nacional | AO S | Propiedades | Cuota impresiones,19296,Almagro S.A,Propiedades,Insigne,I-ALM-2157,True,5570571122,invoiceNumber,Almagro,Facturas Google/Almagro Propiedades/abril_2026/5570571122_Almagro Propiedades.pdf
5570571122,2026-04-30,2026-04,Google Ads,Almagro Propiedades,Nacional | AO S | Propiedades | Cuota impresiones,19296,Almagro S.A,Propiedades,Insigne,I-ALM-2157,True,5570571122,invoiceNumber,Almagro,Facturas Google/Almagro Propiedades/abril_2026/5570571122_Almagro Propiedades.pdf
5570571122,2026-04-30,2026-04,Google Ads,Almagro Propiedades,Nacional | AO S | Propiedades | Cuota impresiones,19296,Almagro S.A,Propiedades,Insigne,I-ALM-2157,True,5570571122,invoiceNumber,Almagro,Facturas Google/Almagro Propiedades/abril_2026/5570571122_Almagro Propiedades.pdf
5570571122,2026-04-30,2026-04,Google Ads,Almagro Propiedades,Nacional | AO S | Propiedades | Cuota impresiones,19296,Almagro S.A,Propiedades,Insigne,I-ALM-2157,True,5570571122,invoiceNumber,Almagro,Facturas Google/Almagro Propiedades/abril_2026/5570571122_Almagro Propiedades.pdf
5570571122,2026-04-30,2026-04,Google Ads,Almagro Propiedades,Nacional | AO S | Propiedades | Cuota impresiones,19296,Almagro S.A,Propiedades,Insigne,I-ALM-2157,True,5570571122,invoiceNumber,Almagro,Facturas Google/Almagro Propiedades/abril_2026/5570571122_Almagro Propiedades.pdf
5570571122,2026-04-30,2026-04,Google Ads,Almagro Propiedades,Nacional | AO S | Propiedades | Cuota impresiones,19296,Almagro S.A,Propiedades,Insigne,I-ALM-2157,True,5570571122,invoiceNumber,Almagro,Facturas Google/Almagro Propiedades/abril_2026/5570571122_Almagro Propiedades.pdf
5570571122,2026-04-30,2026-04,Google Ads,Almagro Propiedades,Nacional | AO S | Propiedades | Cuota impresiones,19296,Almagro S.A,Propiedades,Insigne,I-ALM-2157,True,5570571122,invoiceNumber,Almagro,Facturas Google/Almagro Propiedades/abril_2026/5570571122_Almagro Propiedades.pdf
5570571122,2026-04-30,2026-04,Google Ads,Almagro Propiedades,Nacional | AO S | Propiedades | Cuota impresiones,19296,Almagro S.A,Propiedades,Insigne,I-ALM-2157,True,5570571122,invoiceNumber,Almagro,Facturas Google/Almagro Propiedades/abril_2026/5570571122_Almagro Propiedades.pdf
5570571122,2026-04-30,2026-04,Google Ads,Almagro Propiedades,Nacional | AO S | Propiedades | Cuota impresiones,19296,Almagro S.A,Propiedades,Insigne,I-ALM-2157,True,5570571122,invoiceNumber,Almagro,Facturas Google/Almagro Propiedades/abril_2026/5570571122_Almagro Propiedades.pdf
5570571122,2026-04-30,2026-04,Google Ads,Almagro Propiedades,Nacional | AO S | Propiedades | Cuota impresiones,19296,Almagro S.A,Propiedades,Insigne,I-ALM-2157,True,5570571122,invoiceNumber,Almagro,Facturas Google/Almagro Propiedades/abril_2026/5570571122_Almagro Propiedades.pdf
5570571122,2026-04-30,2026-04,Google Ads,Almagro Propiedades,Nacional | AO S | Propiedades | Cuota impresiones,19296,Almagro S.A,Propiedades,Insigne,I-ALM-2157,True,5570571122,invoiceNumber,Almagro,Facturas Google/Almagro Propiedades/abril_2026/5570571122_Almagro Propiedades.pdf
5570571122,2026-04-30,2026-04,Google Ads,Almagro Propiedades,Nacional | AO S | Propiedades | Cuota impresiones,19296,Almagro S.A,Propiedades,Insigne,I-ALM-2157,True,5570571122,invoiceNumber,Almagro,Facturas Google/Almagro Propiedades/abril_2026/5570571122_Almagro Propiedades.pdf
5570571122,2026-04-30,2026-04,Google Ads,Almagro Propiedades,Santiago | AO | DemandGen | Propiedades,21659,Almagro S.A,Propiedades,Insigne,I-ALM-2157,True,5570571122,invoiceNumber,Almagro,Facturas Google/Almagro Propiedades/abril_2026/5570571122_Almagro Propiedades.pdf
5570571122,2026-04-30,2026-04,Google Ads,Almagro Propiedades,Santiago | AO | DemandGen | Propiedades,1861,Almagro S.A,Propiedades,Insigne,I-ALM-2157,True,5570571122,invoiceNumber,Almagro,Facturas Google/Almagro Propiedades/abril_2026/5570571122_Almagro Propiedades.pdf
5570571122,2026-04-30,2026-04,Google Ads,Almagro Propiedades,Santiago | AO | DemandGen | Propiedades,21659,Almagro S.A,Propiedades,Insigne,I-ALM-2157,True,5570571122,invoiceNumber,Almagro,Facturas Google/Almagro Propiedades/abril_2026/5570571122_Almagro Propiedades.pdf
5570571122,2026-04-30,2026-04,Google Ads,Almagro Propiedades,Santiago | AO | DemandGen | Propiedades,1861,Almagro S.A,Propiedades,Insigne,I-ALM-2157,True,5570571122,invoiceNumber,Almagro,Facturas Google/Almagro Propiedades/abril_2026/5570571122_Almagro Propiedades.pdf
5570571122,2026-04-30,2026-04,Google Ads,Almagro Propiedades,Santiago | AO | DemandGen | Propiedades,21659,Almagro S.A,Propiedades,Insigne,I-ALM-2157,True,5570571122,invoiceNumber,Almagro,Facturas Google/Almagro Propiedades/abril_2026/5570571122_Almagro Propiedades.pdf
5570571122,2026-04-30,2026-04,Google Ads,Almagro Propiedades,Santiago | AO | DemandGen | Propiedades,1861,Almagro S.A,Propiedades,Insigne,I-ALM-2157,True,5570571122,invoiceNumber,Almagro,Facturas Google/Almagro Propiedades/abril_2026/5570571122_Almagro Propiedades.pdf
5570571122,2026-04-30,2026-04,Google Ads,Almagro Propiedades,Santiago | AO | DemandGen | Propiedades,21659,Almagro S.A,Propiedades,Insigne,I-ALM-2157,True,5570571122,invoiceNumber,Almagro,Facturas Google/Almagro Propiedades/abril_2026/5570571122_Almagro Propiedades.pdf
5570571122,2026-04-30,2026-04,Google Ads,Almagro Propiedades,Santiago | AO | DemandGen | Propiedades,1861,Almagro S.A,Propiedades,Insigne,I-ALM-2157,True,5570571122,invoiceNumber,Almagro,Facturas Google/Almagro Propiedades/abril_2026/5570571122_Almagro Propiedades.pdf
5570571122,2026-04-30,2026-04,Google Ads,Almagro Propiedades,Santiago | AO | DemandGen | Propiedades,21659,Almagro S.A,Propiedades,Insigne,I-ALM-2157,True,5570571122,invoiceNumber,Almagro,Facturas Google/Almagro Propiedades/abril_2026/5570571122_Almagro Propiedades.pdf
5570571122,2026-04-30,2026-04,Google Ads,Almagro Propiedades,Santiago | AO | DemandGen | Propiedades,1861,Almagro S.A,Propiedades,Insigne,I-ALM-2157,True,5570571122,invoiceNumber,Almagro,Facturas Google/Almagro Propiedades/abril_2026/5570571122_Almagro Propiedades.pdf
5570571122,2026-04-30,2026-04,Google Ads,Almagro Propiedades,Santiago | AO | DemandGen | Propiedades,21659,Almagro S.A,Propiedades,Insigne,I-ALM-2157,True,5570571122,invoiceNumber,Almagro,Facturas Google/Almagro Propiedades/abril_2026/5570571122_Almagro Propiedades.pdf
5570571122,2026-04-30,2026-04,Google Ads,Almagro Propiedades,Santiago | AO | DemandGen | Propiedades,1861,Almagro S.A,Propiedades,Insigne,I-ALM-2157,True,5570571122,invoiceNumber,Almagro,Facturas Google/Almagro Propiedades/abril_2026/5570571122_Almagro Propiedades.pdf
5570571122,2026-04-30,2026-04,Google Ads,Almagro Propiedades,Santiago | AO | DemandGen | Propiedades,21659,Almagro S.A,Propiedades,Insigne,I-ALM-2157,True,5570571122,invoiceNumber,Almagro,Facturas Google/Almagro Propiedades/abril_2026/5570571122_Almagro Propiedades.pdf
5570571122,2026-04-30,2026-04,Google Ads,Almagro Propiedades,Santiago | AO | DemandGen | Propiedades,1861,Almagro S.A,Propiedades,Insigne,I-ALM-2157,True,5570571122,invoiceNumber,Almagro,Facturas Google/Almagro Propiedades/abril_2026/5570571122_Almagro Propiedades.pdf
5570571122,2026-04-30,2026-04,Google Ads,Almagro Propiedades,Santiago | AO | DemandGen | Propiedades,21659,Almagro S.A,Propiedades,Insigne,I-ALM-2157,True,5570571122,invoiceNumber,Almagro,Facturas Google/Almagro Propiedades/abril_2026/5570571122_Almagro Propiedades.pdf
5570571122,2026-04-30,2026-04,Google Ads,Almagro Propiedades,Santiago | AO | DemandGen | Propiedades,1861,Almagro S.A,Propiedades,Insigne,I-ALM-2157,True,5570571122,invoiceNumber,Almagro,Facturas Google/Almagro Propiedades/abril_2026/5570571122_Almagro Propiedades.pdf
5570571122,2026-04-30,2026-04,Google Ads,Almagro Propiedades,Santiago | AO | DemandGen | Propiedades,21659,Almagro S.A,Propiedades,Insigne,I-ALM-2157,True,5570571122,invoiceNumber,Almagro,Facturas Google/Almagro Propiedades/abril_2026/5570571122_Almagro Propiedades.pdf
5570571122,2026-04-30,2026-04,Google Ads,Almagro Propiedades,Santiago | AO | DemandGen | Propiedades,1861,Almagro S.A,Propiedades,Insigne,I-ALM-2157,True,5570571122,invoiceNumber,Almagro,Facturas Google/Almagro Propiedades/abril_2026/5570571122_Almagro Propiedades.pdf
5570571122,2026-04-30,2026-04,Google Ads,Almagro Propiedades,Santiago | AO | DemandGen | Propiedades,21659,Almagro S.A,Propiedades,Insigne,I-ALM-2157,True,5570571122,invoiceNumber,Almagro,Facturas Google/Almagro Propiedades/abril_2026/5570571122_Almagro Propiedades.pdf
5570571122,2026-04-30,2026-04,Google Ads,Almagro Propiedades,Santiago | AO | DemandGen | Propiedades,1861,Almagro S.A,Propiedades,Insigne,I-ALM-2157,True,5570571122,invoiceNumber,Almagro,Facturas Google/Almagro Propiedades/abril_2026/5570571122_Almagro Propiedades.pdf
5570571122,2026-04-30,2026-04,Google Ads,Almagro Propiedades,Santiago | AO | DemandGen | Propiedades,21659,Almagro S.A,Propiedades,Insigne,I-ALM-2157,True,5570571122,invoiceNumber,Almagro,Facturas Google/Almagro Propiedades/abril_2026/5570571122_Almagro Propiedades.pdf
5570571122,2026-04-30,2026-04,Google Ads,Almagro Propiedades,Santiago | AO | DemandGen | Propiedades,1861,Almagro S.A,Propiedades,Insigne,I-ALM-2157,True,5570571122,invoiceNumber,Almagro,Facturas Google/Almagro Propiedades/abril_2026/5570571122_Almagro Propiedades.pdf
5570571122,2026-04-30,2026-04,Google Ads,Almagro Propiedades,Santiago | AO | DemandGen | Propiedades,21659,Almagro S.A,Propiedades,Insigne,I-ALM-2157,True,5570571122,invoiceNumber,Almagro,Facturas Google/Almagro Propiedades/abril_2026/5570571122_Almagro Propiedades.pdf
5570571122,2026-04-30,2026-04,Google Ads,Almagro Propiedades,Santiago | AO | DemandGen | Propiedades,1860,Almagro S.A,Propiedades,Insigne,I-ALM-2157,True,5570571122,invoiceNumber,Almagro,Facturas Google/Almagro Propiedades/abril_2026/5570571122_Almagro Propiedades.pdf
5570571122,2026-04-30,2026-04,Google Ads,Almagro Propiedades,Santiago | AO | DemandGen | Propiedades,21658,Almagro S.A,Propiedades,Insigne,I-ALM-2157,True,5570571122,invoiceNumber,Almagro,Facturas Google/Almagro Propiedades/abril_2026/5570571122_Almagro Propiedades.pdf
5570571122,2026-04-30,2026-04,Google Ads,Almagro Propiedades,Santiago | AO | DemandGen | Propiedades,1860,Almagro S.A,Propiedades,Insigne,I-ALM-2157,True,5570571122,invoiceNumber,Almagro,Facturas Google/Almagro Propiedades/abril_2026/5570571122_Almagro Propiedades.pdf
5570571122,2026-04-30,2026-04,Google Ads,Almagro Propiedades,Santiago | AO | DemandGen | Propiedades,21658,Almagro S.A,Propiedades,Insigne,I-ALM-2157,True,5570571122,invoiceNumber,Almagro,Facturas Google/Almagro Propiedades/abril_2026/5570571122_Almagro Propiedades.pdf
5570571122,2026-04-30,2026-04,Google Ads,Almagro Propiedades,Santiago | AO | DemandGen | Propiedades,1860,Almagro S.A,Propiedades,Insigne,I-ALM-2157,True,5570571122,invoiceNumber,Almagro,Facturas Google/Almagro Propiedades/abril_2026/5570571122_Almagro Propiedades.pdf
