month,brand,date,transactionId,paymentReference,metaAmount,cartolaChargeCode,cartolaAmountOriginal,cartolaAmountUsd,matchStatus,sourceFile,cartolaSourceFile
2026-05,Almagro Inmobiliaria,2026-05-05,26621554994196529-26575486115470083,24SKDNV6E2,600000,,,,Sin cartola,Facturas Meta/Almagro/mayo_2026/2026-05-05T14-15 Transacción n.º 26621554994196529-26575486115470083.pdf,
2026-05,Socovesa,2026-05-20,27050630731294785-27035246256166563,2C9ZQQ56E2,600000,2C9ZQQ56E2,600000,67772.0,Coincide,Facturas Meta/Socovesa/mayo_2026/2026-05-20T09-10 Transacción n.º 27050630731294785-27035246256166563.pdf,Facturas Meta/Cartola TC/MovFacturadosInternacionales_94840000-6_9-6-2026.xls
2026-05,Socovesa,2026-05-30,27172998005724720-27294007003623818,2QBKYR56E2,600000,2QBKYR56E2,600000,69102.0,Coincide,Facturas Meta/Socovesa/mayo_2026/2026-05-30T21-30 Transacción n.º 27172998005724720-27294007003623818.pdf,Facturas Meta/Cartola TC/MovFacturadosInternacionales_94840000-6_9-6-2026.xls
2026-05,Socovesa,2026-05-21,27047627594928429-27042891128735406,2TPEAQV6E2,598044,2TPEAQV6E2,598044,68299.0,Coincide,Facturas Meta/Socovesa/mayo_2026/2026-05-21T09-23 Transacción n.º 27047627594928429-27042891128735406.pdf,Facturas Meta/Cartola TC/MovFacturadosInternacionales_94840000-6_9-6-2026.xls
2026-05,Socovesa,2026-05-29,27099464899744700-27167152296309294,2UVESR96E2,600000,2UVESR96E2,600000,68956.0,Coincide,Facturas Meta/Socovesa/mayo_2026/2026-05-29T07-04 Transacción n.º 27099464899744700-27167152296309294.pdf,Facturas Meta/Cartola TC/MovFacturadosInternacionales_94840000-6_9-6-2026.xls
2026-05,Almagro Inmobiliaria,2026-05-01,26466751823010185-26583680997983925,3J4HENV5E2,600000,,,,Sin cartola,Facturas Meta/Almagro/mayo_2026/2026-05-01T12-04 Transacción n.º 26466751823010185-26583680997983925.pdf,
2026-05,Pilares,2026-05-28,27402031406150818-27286235647730393,3LUMMR56E2,600000,3LUMMR56E2,600000,68746.0,Coincide,Facturas Meta/Pilares/mayo_2026/2026-05-28T08-58 Transacción n.º 27402031406150818-27286235647730393.pdf,Facturas Meta/Cartola TC/MovFacturadosInternacionales_94840000-6_9-6-2026.xls
2026-05,Socovesa,2026-05-04,26821097907581397-26906209002403624,48GTANV6E2,600000,,,,Sin cartola,Facturas Meta/Socovesa/mayo_2026/2026-05-04T19-39 Transacción n.º 26821097907581397-26906209002403624.pdf,
2026-05,Almagro Inmobiliaria,2026-05-22,26798625073156185-26855547410797281,4FWKYQ96E2,600000,4FWKYQ96E2,600000,68182.0,Coincide,Facturas Meta/Almagro/mayo_2026/2026-05-22T08-05 Transacción n.º 26798625073156185-26855547410797281.pdf,Facturas Meta/Cartola TC/MovFacturadosInternacionales_94840000-6_9-6-2026.xls
2026-05,Almagro Inmobiliaria,2026-05-25,26839222549096436-26827927056892655,4H273RR6E2,600000,4H273RR6E2,600000,68334.0,Coincide,Facturas Meta/Almagro/mayo_2026/2026-05-25T17-35 Transacción n.º 26839222549096436-26827927056892655.pdf,Facturas Meta/Cartola TC/MovFacturadosInternacionales_94840000-6_9-6-2026.xls
2026-05,Socovesa,2026-05-30,27114515011573014-27281476991543486,4QYGQSD6E2,593047,4QYGQSD6E2,593047,68302.0,Coincide,Facturas Meta/Socovesa/mayo_2026/2026-05-30T00-48 Transacción n.º 27114515011573014-27281476991543486.pdf,Facturas Meta/Cartola TC/MovFacturadosInternacionales_94840000-6_9-6-2026.xls
2026-05,Socovesa,2026-05-14,26953196037704916-26911939501830567,4RRX9RZ5E2,600000,4RRX9RZ5E2,600000,6895.0,Coincide,Facturas Meta/Socovesa/mayo_2026/2026-05-14T19-41 Transacción n.º 26953196037704916-26911939501830567.pdf,Facturas Meta/Cartola TC/MovFacturadosInternacionales_94840000-6_9-6-2026.xls
2026-06,Socovesa,2026-06-02,27235778226113367-27211848011839716,5A4LASV5E2,600000,5A4LASV5E2,600000,69272.0,Coincide,Facturas Meta/Socovesa/junio_2026/2026-06-02T20-31 Transacción n.º 27235778226113367-27211848011839716.pdf,Facturas Meta/Cartola TC/MovFacturadosInternacionales_94840000-6_9-6-2026.xls
2026-05,Socovesa,2026-05-07,27324457103912140-26920980384259813,5F624PV5E2,600000,5F624PV5E2,600000,69032.0,Coincide,Facturas Meta/Socovesa/mayo_2026/2026-05-07T15-22 Transacción n.º 27324457103912140-26920980384259813.pdf,Facturas Meta/Cartola TC/MovFacturadosInternacionales_94840000-6_9-6-2026.xls
2026-05,Socovesa,2026-05-03,26764873369870523-26931089743248878,5HZL9PM6E2,600000,,,,Sin cartola,Facturas Meta/Socovesa/mayo_2026/2026-05-03T19-47 Transacción n.º 26764873369870523-26931089743248878.pdf,
2026-05,Pilares,2026-05-18,27077101191977179-27164543096566316,6K63KQ56E2,600000,6K63KQ56E2,600000,68337.0,Coincide,Facturas Meta/Pilares/mayo_2026/2026-05-18T22-05 Transacción n.º 27077101191977179-27164543096566316.pdf,Facturas Meta/Cartola TC/MovFacturadosInternacionales_94840000-6_9-6-2026.xls
2026-05,Almagro Inmobiliaria,2026-05-08,26670301929321837-26675622222123135,7AVT7QH6E2,600000,7AVT7QH6E2,600000,68987.0,Coincide,Facturas Meta/Almagro/mayo_2026/2026-05-08T22-45 Transacción n.º 26670301929321837-26675622222123135.pdf,Facturas Meta/Cartola TC/MovFacturadosInternacionales_94840000-6_9-6-2026.xls
2026-05,Almagro Inmobiliaria,2026-05-04,26485475707804462-26616003741418323,7BTU3QZ5E2,600000,,,,Sin cartola,Facturas Meta/Almagro/mayo_2026/2026-05-04T18-35 Transacción n.º 26485475707804462-26616003741418323.pdf,
2026-05,Almagro Inmobiliaria,2026-05-17,26786178587734164-26786178704400819,7QSS3QR6E2,600000,7QSS3QR6E2,600000,67872.0,Coincide,Facturas Meta/Almagro/mayo_2026/2026-05-17T01-37 Transacción n.º 26786178587734164-26786178704400819.pdf,Facturas Meta/Cartola TC/MovFacturadosInternacionales_94840000-6_9-6-2026.xls
2026-05,Almagro Inmobiliaria,2026-05-12,26981877231497632-26981877384830950,8HD9TP56E2,600000,8HD9TP56E2,600000,68349.0,Coincide,Facturas Meta/Almagro/mayo_2026/2026-05-12T23-54 Transacción n.º 26981877231497632-26981877384830950.pdf,Facturas Meta/Cartola TC/MovFacturadosInternacionales_94840000-6_9-6-2026.xls
2026-05,Socovesa,2026-05-01,26788883534136168-26852260971131755,94N4BNR6E2,600000,,,,Sin cartola,Facturas Meta/Socovesa/mayo_2026/2026-05-01T23-22 Transacción n.º 26788883534136168-26852260971131755.pdf,
2026-06,Socovesa,2026-06-01,27313387128352469-27656131824077998,9PMC2TH6E2,279796,9PMC2TH6E2,279796,32224.0,Coincide,Facturas Meta/Socovesa/junio_2026/2026-06-01T06-29 Transacción n.º 27313387128352469-27656131824077998.pdf,Facturas Meta/Cartola TC/MovFacturadosInternacionales_94840000-6_9-6-2026.xls
2026-05,Socovesa,2026-05-06,26971286369229218-26908865562137962,9UQQHNV6E2,600000,9UQQHNV6E2,600000,69032.0,Coincide,Facturas Meta/Socovesa/mayo_2026/2026-05-06T18-18 Transacción n.º 26971286369229218-26908865562137962.pdf,Facturas Meta/Cartola TC/MovFacturadosInternacionales_94840000-6_9-6-2026.xls
2026-05,Almagro Inmobiliaria,2026-05-31,26845155355169827-27235617856123567,9WK9YSH6E2,600000,9WK9YSH6E2,600000,69102.0,Coincide,Facturas Meta/Almagro/mayo_2026/2026-05-31T17-45 Transacción n.º 26845155355169827-27235617856123567.pdf,Facturas Meta/Cartola TC/MovFacturadosInternacionales_94840000-6_9-6-2026.xls
2026-05,Pilares,2026-05-04,27025724557114842-26829615546725742,9ZRAUN56E2,600000,,,,Sin cartola,Facturas Meta/Pilares/mayo_2026/2026-05-04T14-23 Transacción n.º 27025724557114842-26829615546725742.pdf,
2026-05,Socovesa,2026-05-09,26966164663074724-26839935015697683,B4HQEP96E2,600000,B4HQEP96E2,600000,68987.0,Coincide,Facturas Meta/Socovesa/mayo_2026/2026-05-09T10-13 Transacción n.º 26966164663074724-26839935015697683.pdf,Facturas Meta/Cartola TC/MovFacturadosInternacionales_94840000-6_9-6-2026.xls
2026-05,Socovesa,2026-05-19,27141940558830464-27020988484259007,B834URZ5E2,600000,B834URZ5E2,600000,68337.0,Coincide,Facturas Meta/Socovesa/mayo_2026/2026-05-19T10-09 Transacción n.º 27141940558830464-27020988484259007.pdf,Facturas Meta/Cartola TC/MovFacturadosInternacionales_94840000-6_9-6-2026.xls
2026-05,Almagro Inmobiliaria,2026-05-18,26752389627779730-27062955790056442,BFVSDRD6E2,600000,BFVSDRD6E2,600000,67872.0,Coincide,Facturas Meta/Almagro/mayo_2026/2026-05-18T18-21 Transacción n.º 26752389627779730-27062955790056442.pdf,Facturas Meta/Cartola TC/MovFacturadosInternacionales_94840000-6_9-6-2026.xls
2026-05,Almagro Inmobiliaria,2026-05-09,26941271435558212-26620547220963974,BKS6GP96E2,600000,BKS6GP96E2,600000,68987.0,Coincide,Facturas Meta/Almagro/mayo_2026/2026-05-09T20-19 Transacción n.º 26941271435558212-26620547220963974.pdf,Facturas Meta/Cartola TC/MovFacturadosInternacionales_94840000-6_9-6-2026.xls
2026-05,Almagro Inmobiliaria,2026-05-27,26873483522337002-27170802755938411,BM2TQSZ5E2,600000,BM2TQSZ5E2,600000,68761.0,Coincide,Facturas Meta/Almagro/mayo_2026/2026-05-27T10-04 Transacción n.º 26873483522337002-27170802755938411.pdf,Facturas Meta/Cartola TC/MovFacturadosInternacionales_94840000-6_9-6-2026.xls
2026-05,Socovesa,2026-05-05,26791314513893067-26787288740962319,CCNGTPH6E2,596748,,,,Sin cartola,Facturas Meta/Socovesa/mayo_2026/2026-05-05T16-48 Transacción n.º 26791314513893067-26787288740962319.pdf,
2026-05,Pilares,2026-05-02,26859622770391693-27042625332091426,CJXX5PM6E2,600000,,,,Sin cartola,Facturas Meta/Pilares/mayo_2026/2026-05-02T15-43 Transacción n.º 26859622770391693-27042625332091426.pdf,
2026-05,Almagro Inmobiliaria,2026-05-03,26605462029139161-26493382967013737,D6LASN96E2,600000,,,,Sin cartola,Facturas Meta/Almagro/mayo_2026/2026-05-03T20-58 Transacción n.º 26605462029139161-26493382967013737.pdf,
2026-05,Socovesa,2026-05-23,27024935440530972-27087325324291992,DU3BTQR6E2,600000,DU3BTQR6E2,600000,68334.0,Coincide,Facturas Meta/Socovesa/mayo_2026/2026-05-23T08-38 Transacción n.º 27024935440530972-27087325324291992.pdf,Facturas Meta/Cartola TC/MovFacturadosInternacionales_94840000-6_9-6-2026.xls
2026-06,Pilares,2026-06-05,27320203817666914-27263422356678390,E69QLTH6E2,600000,,,,Sin cartola,Facturas Meta/Pilares/junio_2026/2026-06-05T15-58 Transacción n.º 27320203817666914-27263422356678390.pdf,
2026-05,Pilares,2026-05-14,27020974877589811-27087947467559220,FXSN3Q96E2,600000,FXSN3Q96E2,600000,6895.0,Coincide,Facturas Meta/Pilares/mayo_2026/2026-05-14T20-49 Transacción n.º 27020974877589811-27087947467559220.pdf,Facturas Meta/Cartola TC/MovFacturadosInternacionales_94840000-6_9-6-2026.xls
2026-06,Socovesa,2026-06-04,27302289459462235-27363292413361940,GWZ2JSV5E2,600000,GWZ2JSV5E2,600000,68733.0,Coincide,Facturas Meta/Socovesa/junio_2026/2026-06-04T15-40 Transacción n.º 27302289459462235-27363292413361940.pdf,Facturas Meta/Cartola TC/MovFacturadosInternacionales_94840000-6_9-6-2026.xls
2026-05,Socovesa,2026-05-31,27306747502349768-27306270765730772,GXSPZRV5E2,600000,GXSPZRV5E2,600000,69102.0,Coincide,Facturas Meta/Socovesa/mayo_2026/2026-05-31T18-14 Transacción n.º 27306747502349768-27306270765730772.pdf,Facturas Meta/Cartola TC/MovFacturadosInternacionales_94840000-6_9-6-2026.xls
2026-05,Almagro Inmobiliaria,2026-05-28,26869665199385505-26859669260385101,HALG4SM6E2,600000,HALG4SM6E2,600000,68746.0,Coincide,Facturas Meta/Almagro/mayo_2026/2026-05-28T00-59 Transacción n.º 26869665199385505-26859669260385101.pdf,Facturas Meta/Cartola TC/MovFacturadosInternacionales_94840000-6_9-6-2026.xls
2026-05,Socovesa,2026-05-22,27118203981204118-27054214204269765,HDLXFRM6E2,600000,HDLXFRM6E2,600000,68182.0,Coincide,Facturas Meta/Socovesa/mayo_2026/2026-05-22T07-53 Transacción n.º 27118203981204118-27054214204269765.pdf,Facturas Meta/Cartola TC/MovFacturadosInternacionales_94840000-6_9-6-2026.xls
2026-06,Pilares,2026-06-01,27321818237505474-27340095699011057,HNNMKRV6E2,173061,HNNMKRV6E2,173061,19931.0,Coincide,Facturas Meta/Pilares/junio_2026/2026-06-01T03-35 Transacción n.º 27321818237505474-27340095699011057.pdf,Facturas Meta/Cartola TC/MovFacturadosInternacionales_94840000-6_9-6-2026.xls
2026-06,Almagro Inmobiliaria,2026-06-04,26984051261280231-27041801612171859,HQL9HTH6E2,600000,HQL9HTH6E2,600000,68596.0,Coincide,Facturas Meta/Almagro/junio_2026/2026-06-04T19-48 Transacción n.º 26984051261280231-27041801612171859.pdf,Facturas Meta/Cartola TC/MovFacturadosInternacionales_94840000-6_9-6-2026.xls
2026-05,Socovesa,2026-05-01,26862336720124186-26777446038613251,HTQHGN56E2,600000,,,,Sin cartola,Facturas Meta/Socovesa/mayo_2026/2026-05-01T00-53 Transacción n.º 26862336720124186-26777446038613251.pdf,
2026-05,Socovesa,2026-05-15,27031656826525501-27090853610605823,J49P2RH6E2,600000,J49P2RH6E2,600000,67872.0,Coincide,Facturas Meta/Socovesa/mayo_2026/2026-05-15T19-15 Transacción n.º 27031656826525501-27090853610605823.pdf,Facturas Meta/Cartola TC/MovFacturadosInternacionales_94840000-6_9-6-2026.xls
2026-05,Almagro Inmobiliaria,2026-05-13,26697406279944728-26734846746200688,JH83SQD6E2,600000,JH83SQD6E2,600000,69297.0,Coincide,Facturas Meta/Almagro/mayo_2026/2026-05-13T21-05 Transacción n.º 26697406279944728-26734846746200688.pdf,Facturas Meta/Cartola TC/MovFacturadosInternacionales_94840000-6_9-6-2026.xls
2026-06,Pilares,2026-06-03,27237624292591530-27382631264757497,JMDSCTD6E2,600000,JMDSCTD6E2,600000,68733.0,Coincide,Facturas Meta/Pilares/junio_2026/2026-06-03T20-11 Transacción n.º 27237624292591530-27382631264757497.pdf,Facturas Meta/Cartola TC/MovFacturadosInternacionales_94840000-6_9-6-2026.xls
2026-05,Almagro Inmobiliaria,2026-05-11,26641538812198148-26653113977707295,JWQ8NP96E2,600000,JWQ8NP96E2,600000,68987.0,Coincide,Facturas Meta/Almagro/mayo_2026/2026-05-11T13-00 Transacción n.º 26641538812198148-26653113977707295.pdf,Facturas Meta/Cartola TC/MovFacturadosInternacionales_94840000-6_9-6-2026.xls
2026-05,Pilares,2026-05-06,26995036676850296-26864251689928799,K6RNWPD6E2,600000,K6RNWPD6E2,600000,67996.0,Coincide,Facturas Meta/Pilares/mayo_2026/2026-05-06T16-09 Transacción n.º 26995036676850296-26864251689928799.pdf,Facturas Meta/Cartola TC/MovFacturadosInternacionales_94840000-6_9-6-2026.xls
2026-05,Pilares,2026-05-10,26917671134586854-27051384447882182,KXB2EQD6E2,600000,KXB2EQD6E2,600000,68987.0,Coincide,Facturas Meta/Pilares/mayo_2026/2026-05-10T18-46 Transacción n.º 26917671134586854-27051384447882182.pdf,Facturas Meta/Cartola TC/MovFacturadosInternacionales_94840000-6_9-6-2026.xls
2026-05,Almagro Inmobiliaria,2026-05-26,26849849908033700-26848523081499717,L7SDWRM6E2,600000,L7SDWRM6E2,600000,68334.0,Coincide,Facturas Meta/Almagro/mayo_2026/2026-05-26T14-35 Transacción n.º 26849849908033700-26848523081499717.pdf,Facturas Meta/Cartola TC/MovFacturadosInternacionales_94840000-6_9-6-2026.xls
2026-05,Almagro Inmobiliaria,2026-05-23,26862418023443557-26754882687530429,LBLZ4R56E2,600000,LBLZ4R56E2,600000,68334.0,Coincide,Facturas Meta/Almagro/mayo_2026/2026-05-23T21-20 Transacción n.º 26862418023443557-26754882687530429.pdf,Facturas Meta/Cartola TC/MovFacturadosInternacionales_94840000-6_9-6-2026.xls
2026-05,Pilares,2026-05-21,27062003696820263-27176677578686208,LXQFCRM6E2,600000,LXQFCRM6E2,600000,68522.0,Coincide,Facturas Meta/Pilares/mayo_2026/2026-05-21T07-52 Transacción n.º 27062003696820263-27176677578686208.pdf,Facturas Meta/Cartola TC/MovFacturadosInternacionales_94840000-6_9-6-2026.xls
2026-06,Almagro Inmobiliaria,2026-06-03,26955895790762447-26978962338455786,M692CTH6E2,600000,M692CTH6E2,600000,69272.0,Coincide,Facturas Meta/Almagro/junio_2026/2026-06-03T12-21 Transacción n.º 26955895790762447-26978962338455786.pdf,Facturas Meta/Cartola TC/MovFacturadosInternacionales_94840000-6_9-6-2026.xls
2026-05,Pilares,2026-05-30,27437133172640641-27373973062289988,M6WT6TZ5E2,600000,M6WT6TZ5E2,600000,69102.0,Coincide,Facturas Meta/Pilares/mayo_2026/2026-05-30T14-40 Transacción n.º 27437133172640641-27373973062289988.pdf,Facturas Meta/Cartola TC/MovFacturadosInternacionales_94840000-6_9-6-2026.xls
2026-05,Socovesa,2026-05-13,26897713396586511-26893757950315397,MC4XRQD6E2,600000,MC4XRQD6E2,600000,69297.0,Coincide,Facturas Meta/Socovesa/mayo_2026/2026-05-13T20-17 Transacción n.º 26897713396586511-26893757950315397.pdf,Facturas Meta/Cartola TC/MovFacturadosInternacionales_94840000-6_9-6-2026.xls
2026-05,Socovesa,2026-05-10,26917205014637358-27366874709670379,MLYZEQH6E2,600000,MLYZEQH6E2,600000,68987.0,Coincide,Facturas Meta/Socovesa/mayo_2026/2026-05-10T23-31 Transacción n.º 26917205014637358-27366874709670379.pdf,Facturas Meta/Cartola TC/MovFacturadosInternacionales_94840000-6_9-6-2026.xls
2026-06,Almagro Inmobiliaria,2026-06-01,26944250811926942-26944250895260267,MYWKGTZ5E2,600000,MYWKGTZ5E2,600000,68856.0,Coincide,Facturas Meta/Almagro/junio_2026/2026-06-01T23-32 Transacción n.º 26944250811926942-26944250895260267.pdf,Facturas Meta/Cartola TC/MovFacturadosInternacionales_94840000-6_9-6-2026.xls
2026-05,Socovesa,2026-05-26,27183096941381494-27220977320926784,N3UC7SD6E2,600000,N3UC7SD6E2,600000,68334.0,Coincide,Facturas Meta/Socovesa/mayo_2026/2026-05-26T00-20 Transacción n.º 27183096941381494-27220977320926784.pdf,Facturas Meta/Cartola TC/MovFacturadosInternacionales_94840000-6_9-6-2026.xls
2026-05,Pilares,2026-05-12,26986645634356072-26943580188662615,ND56JPR6E2,600000,ND56JPR6E2,600000,68842.0,Coincide,Facturas Meta/Pilares/mayo_2026/2026-05-12T17-22 Transacción n.º 26986645634356072-26943580188662615.pdf,Facturas Meta/Cartola TC/MovFacturadosInternacionales_94840000-6_9-6-2026.xls
2026-06,Almagro Inmobiliaria,2026-06-05,26932677059750990-26994861566865867,NPB26SV6E2,600000,,,,Sin cartola,Facturas Meta/Almagro/junio_2026/2026-06-05T13-59 Transacción n.º 26932677059750990-26994861566865867.pdf,
2026-06,Socovesa,2026-06-01,27202882542736266-27285298674494653,NW669S56E2,600000,NW669S56E2,600000,68856.0,Coincide,Facturas Meta/Socovesa/junio_2026/2026-06-01T22-47 Transacción n.º 27202882542736266-27285298674494653.pdf,Facturas Meta/Cartola TC/MovFacturadosInternacionales_94840000-6_9-6-2026.xls
2026-05,Socovesa,2026-05-18,27471868032504379-27130106893347164,NXQSCRD6E2,600000,NXQSCRD6E2,600000,67872.0,Coincide,Facturas Meta/Socovesa/mayo_2026/2026-05-18T12-01 Transacción n.º 27471868032504379-27130106893347164.pdf,Facturas Meta/Cartola TC/MovFacturadosInternacionales_94840000-6_9-6-2026.xls
2026-05,Socovesa,2026-05-10,26896647386693118-26891620383862482,P4N9ZPM6E2,600000,P4N9ZPM6E2,600000,68987.0,Coincide,Facturas Meta/Socovesa/mayo_2026/2026-05-10T07-46 Transacción n.º 26896647386693118-26891620383862482.pdf,Facturas Meta/Cartola TC/MovFacturadosInternacionales_94840000-6_9-6-2026.xls
2026-05,Socovesa,2026-05-27,27110471358644049-27110471458644039,P4VVFR56E2,600000,P4VVFR56E2,600000,68761.0,Coincide,Facturas Meta/Socovesa/mayo_2026/2026-05-27T00-43 Transacción n.º 27110471358644049-27110471458644039.pdf,Facturas Meta/Cartola TC/MovFacturadosInternacionales_94840000-6_9-6-2026.xls
2026-05,Socovesa,2026-05-11,26997665546591302-26929985700025956,PAR4PP56E2,599853,PAR4PP56E2,599853,68826.0,Coincide,Facturas Meta/Socovesa/mayo_2026/2026-05-11T22-10 Transacción n.º 26997665546591302-26929985700025956.pdf,Facturas Meta/Cartola TC/MovFacturadosInternacionales_94840000-6_9-6-2026.xls
2026-05,Almagro Inmobiliaria,2026-05-06,26599785529706804-26506339939051372,PDQ6WPH6E2,600000,PDQ6WPH6E2,600000,67996.0,Coincide,Facturas Meta/Almagro/mayo_2026/2026-05-06T11-20 Transacción n.º 26599785529706804-26506339939051372.pdf,Facturas Meta/Cartola TC/MovFacturadosInternacionales_94840000-6_9-6-2026.xls
2026-06,Almagro Inmobiliaria,2026-06-02,26892894557062574-27012694748415879,PL8PCS56E2,600000,PL8PCS56E2,600000,69272.0,Coincide,Facturas Meta/Almagro/junio_2026/2026-06-02T18-32 Transacción n.º 26892894557062574-27012694748415879.pdf,Facturas Meta/Cartola TC/MovFacturadosInternacionales_94840000-6_9-6-2026.xls
2026-05,Almagro Inmobiliaria,2026-05-14,26696416726710354-26742338242118203,PN3KJQM6E2,600000,PN3KJQM6E2,600000,69297.0,Coincide,Facturas Meta/Almagro/mayo_2026/2026-05-14T17-24 Transacción n.º 26696416726710354-26742338242118203.pdf,Facturas Meta/Cartola TC/MovFacturadosInternacionales_94840000-6_9-6-2026.xls
2026-05,Socovesa,2026-05-17,27011451695212689-26992260053798514,Q6R5WQM6E2,600000,Q6R5WQM6E2,600000,67872.0,Coincide,Facturas Meta/Socovesa/mayo_2026/2026-05-17T13-53 Transacción n.º 27011451695212689-26992260053798514.pdf,Facturas Meta/Cartola TC/MovFacturadosInternacionales_94840000-6_9-6-2026.xls
2026-05,Almagro Inmobiliaria,2026-05-07,26648439498174747-26611450368540320,Q8B7DQZ5E2,600000,Q8B7DQZ5E2,600000,69032.0,Coincide,Facturas Meta/Almagro/mayo_2026/2026-05-07T08-43 Transacción n.º 26648439498174747-26611450368540320.pdf,Facturas Meta/Cartola TC/MovFacturadosInternacionales_94840000-6_9-6-2026.xls
2026-06,Pilares,2026-06-01,27355250600828897-27266886119665351,QALDZRR6E2,600000,QALDZRR6E2,600000,68856.0,Coincide,Facturas Meta/Pilares/junio_2026/2026-06-01T23-31 Transacción n.º 27355250600828897-27266886119665351.pdf,Facturas Meta/Cartola TC/MovFacturadosInternacionales_94840000-6_9-6-2026.xls
2026-05,Almagro Inmobiliaria,2026-05-08,26609189392099754-26607723242246370,QBATNNV6E2,600000,QBATNNV6E2,600000,69282.0,Coincide,Facturas Meta/Almagro/mayo_2026/2026-05-08T01-21 Transacción n.º 26609189392099754-26607723242246370.pdf,Facturas Meta/Cartola TC/MovFacturadosInternacionales_94840000-6_9-6-2026.xls
2026-05,Pilares,2026-05-01,26799367246417244-27043167075370588,QGBYPPZ5E2,2158,,,,Sin cartola,Facturas Meta/Pilares/mayo_2026/2026-05-01T04-38 Transacción n.º 26799367246417244-27043167075370588.pdf,
2026-05,Almagro Inmobiliaria,2026-05-24,26827929170225774-26883731747978847,QN93QRM6E2,600000,QN93QRM6E2,600000,68334.0,Coincide,Facturas Meta/Almagro/mayo_2026/2026-05-24T17-49 Transacción n.º 26827929170225774-26883731747978847.pdf,Facturas Meta/Cartola TC/MovFacturadosInternacionales_94840000-6_9-6-2026.xls
2026-05,Almagro Inmobiliaria,2026-05-12,26665203829831643-26714565634895466,QT57YQZ5E2,600000,QT57YQZ5E2,600000,68842.0,Coincide,Facturas Meta/Almagro/mayo_2026/2026-05-12T10-14 Transacción n.º 26665203829831643-26714565634895466.pdf,Facturas Meta/Cartola TC/MovFacturadosInternacionales_94840000-6_9-6-2026.xls
2026-06,Almagro Inmobiliaria,2026-06-04,26911316085220421-27031154826569871,RBA92TM6E2,600000,RBA92TM6E2,600000,68733.0,Coincide,Facturas Meta/Almagro/junio_2026/2026-06-04T01-46 Transacción n.º 26911316085220421-27031154826569871.pdf,Facturas Meta/Cartola TC/MovFacturadosInternacionales_94840000-6_9-6-2026.xls
2026-06,Socovesa,2026-06-03,27230085683349285-27225655207125663,RJ6LESV5E2,596769,RJ6LESV5E2,596769,68363.0,Coincide,Facturas Meta/Socovesa/junio_2026/2026-06-03T19-30 Transacción n.º 27230085683349285-27225655207125663.pdf,Facturas Meta/Cartola TC/MovFacturadosInternacionales_94840000-6_9-6-2026.xls
2026-05,Almagro Inmobiliaria,2026-05-30,27224487760569910-27224487813903238,SEEXYR56E2,600000,SEEXYR56E2,600000,69102.0,Coincide,Facturas Meta/Almagro/mayo_2026/2026-05-30T23-54 Transacción n.º 27224487760569910-27224487813903238.pdf,Facturas Meta/Cartola TC/MovFacturadosInternacionales_94840000-6_9-6-2026.xls
2026-05,Almagro Inmobiliaria,2026-05-02,26584683641216998-26538626225822739,SGAKMN96E2,600000,,,,Sin cartola,Facturas Meta/Almagro/mayo_2026/2026-05-02T09-31 Transacción n.º 26584683641216998-26538626225822739.pdf,
2026-05,Socovesa,2026-05-24,27075754455449073-27543252062032642,SQ963RV5E2,600000,SQ963RV5E2,600000,68334.0,Coincide,Facturas Meta/Socovesa/mayo_2026/2026-05-24T04-30 Transacción n.º 27075754455449073-27543252062032642.pdf,Facturas Meta/Cartola TC/MovFacturadosInternacionales_94840000-6_9-6-2026.xls
2026-05,Almagro Inmobiliaria,2026-05-20,27088249824193705-26767639572921404,SWZSRQ56E2,600000,SWZSRQ56E2,600000,67772.0,Coincide,Facturas Meta/Almagro/mayo_2026/2026-05-20T13-39 Transacción n.º 27088249824193705-26767639572921404.pdf,Facturas Meta/Cartola TC/MovFacturadosInternacionales_94840000-6_9-6-2026.xls
2026-05,Pilares,2026-05-25,27114496968237602-27162213646799266,T2SQ6SD6E2,600000,T2SQ6SD6E2,600000,68334.0,Coincide,Facturas Meta/Pilares/mayo_2026/2026-05-25T19-25 Transacción n.º 27114496968237602-27162213646799266.pdf,Facturas Meta/Cartola TC/MovFacturadosInternacionales_94840000-6_9-6-2026.xls
2026-05,Socovesa,2026-05-28,27125661790458339-27080722398285617,U72H4SM6E2,600000,U72H4SM6E2,600000,68746.0,Coincide,Facturas Meta/Socovesa/mayo_2026/2026-05-28T01-04 Transacción n.º 27125661790458339-27080722398285617.pdf,Facturas Meta/Cartola TC/MovFacturadosInternacionales_94840000-6_9-6-2026.xls
2026-05,Almagro Inmobiliaria,2026-05-10,26579399721745394-26561426446876054,UGBP2QM6E2,600000,UGBP2QM6E2,600000,68987.0,Coincide,Facturas Meta/Almagro/mayo_2026/2026-05-10T16-34 Transacción n.º 26579399721745394-26561426446876054.pdf,Facturas Meta/Cartola TC/MovFacturadosInternacionales_94840000-6_9-6-2026.xls
2026-05,Almagro Inmobiliaria,2026-05-30,26920370484314972-26964837209868300,UZ82XR56E2,600000,UZ82XR56E2,600000,69102.0,Coincide,Facturas Meta/Almagro/mayo_2026/2026-05-30T11-57 Transacción n.º 26920370484314972-26964837209868300.pdf,Facturas Meta/Cartola TC/MovFacturadosInternacionales_94840000-6_9-6-2026.xls
2026-05,Socovesa,2026-05-08,26995882736769581-26828944400130078,V7PZSPM6E2,600000,V7PZSPM6E2,600000,69282.0,Coincide,Facturas Meta/Socovesa/mayo_2026/2026-05-08T13-11 Transacción n.º 26995882736769581-26828944400130078.pdf,Facturas Meta/Cartola TC/MovFacturadosInternacionales_94840000-6_9-6-2026.xls
2026-05,Socovesa,2026-05-16,26939245305766653-27066295176395005,V9NHQPV6E2,600000,V9NHQPV6E2,600000,67872.0,Coincide,Facturas Meta/Socovesa/mayo_2026/2026-05-16T16-37 Transacción n.º 26939245305766653-27066295176395005.pdf,Facturas Meta/Cartola TC/MovFacturadosInternacionales_94840000-6_9-6-2026.xls
2026-05,Almagro Inmobiliaria,2026-05-23,26796657260019635-26808026555549369,VS8W2R96E2,600000,VS8W2R96E2,600000,68334.0,Coincide,Facturas Meta/Almagro/mayo_2026/2026-05-23T00-12 Transacción n.º 26796657260019635-26808026555549369.pdf,Facturas Meta/Cartola TC/MovFacturadosInternacionales_94840000-6_9-6-2026.xls
2026-05,Socovesa,2026-05-12,26930057450018778-27392359917121858,VU4KPPV5E2,600000,VU4KPPV5E2,600000,68349.0,Coincide,Facturas Meta/Socovesa/mayo_2026/2026-05-12T20-50 Transacción n.º 26930057450018778-27392359917121858.pdf,Facturas Meta/Cartola TC/MovFacturadosInternacionales_94840000-6_9-6-2026.xls
2026-05,Almagro Inmobiliaria,2026-05-19,26754733684211993-26778178625200826,WNKDHRD6E2,600780,WNKDHRD6E2,600780,68425.0,Coincide,Facturas Meta/Almagro/mayo_2026/2026-05-19T16-16 Transacción n.º 26754733684211993-26778178625200826.pdf,Facturas Meta/Cartola TC/MovFacturadosInternacionales_94840000-6_9-6-2026.xls
2026-05,Pilares,2026-05-16,27117411731279460-27137721255915167,WTL9RPV6E2,600000,WTL9RPV6E2,600000,67872.0,Coincide,Facturas Meta/Pilares/mayo_2026/2026-05-16T21-56 Transacción n.º 27117411731279460-27137721255915167.pdf,Facturas Meta/Cartola TC/MovFacturadosInternacionales_94840000-6_9-6-2026.xls
2026-06,Almagro Inmobiliaria,2026-06-01,26993498367002184-26925750043777022,X3U5MRV6E2,600000,X3U5MRV6E2,600000,69102.0,Coincide,Facturas Meta/Almagro/junio_2026/2026-06-01T11-51 Transacción n.º 26993498367002184-26925750043777022.pdf,Facturas Meta/Cartola TC/MovFacturadosInternacionales_94840000-6_9-6-2026.xls
2026-05,Almagro Inmobiliaria,2026-05-29,26942792125406146-26897153103303381,XCLYUR96E2,600000,XCLYUR96E2,600000,69102.0,Coincide,Facturas Meta/Almagro/mayo_2026/2026-05-29T20-14 Transacción n.º 26942792125406146-26897153103303381.pdf,Facturas Meta/Cartola TC/MovFacturadosInternacionales_94840000-6_9-6-2026.xls
2026-05,Pilares,2026-05-23,27203830409304258-27136700759350555,XFC4UQR6E2,600000,XFC4UQR6E2,600000,68334.0,Coincide,Facturas Meta/Pilares/mayo_2026/2026-05-23T13-34 Transacción n.º 27203830409304258-27136700759350555.pdf,Facturas Meta/Cartola TC/MovFacturadosInternacionales_94840000-6_9-6-2026.xls
2026-05,Almagro Inmobiliaria,2026-05-16,26641438582208173-26777767698575253,Y2CL9Q56E2,600000,Y2CL9Q56E2,600000,67872.0,Coincide,Facturas Meta/Almagro/mayo_2026/2026-05-16T10-29 Transacción n.º 26641438582208173-26777767698575253.pdf,Facturas Meta/Cartola TC/MovFacturadosInternacionales_94840000-6_9-6-2026.xls
2026-05,Almagro Inmobiliaria,2026-05-28,26873054085713285-26873054129046614,Y8EHMRV5E2,600000,Y8EHMRV5E2,600000,68956.0,Coincide,Facturas Meta/Almagro/mayo_2026/2026-05-28T22-55 Transacción n.º 26873054085713285-26873054129046614.pdf,Facturas Meta/Cartola TC/MovFacturadosInternacionales_94840000-6_9-6-2026.xls
2026-06,Socovesa,2026-06-05,27206981585659697-27718769997814180,YBPD8TM6E2,600000,,,,Sin cartola,Facturas Meta/Socovesa/junio_2026/2026-06-05T13-56 Transacción n.º 27206981585659697-27718769997814180.pdf,
2026-05,Almagro Inmobiliaria,2026-05-03,26545693768449318-26547425144942846,YE66JPD6E2,600000,,,,Sin cartola,Facturas Meta/Almagro/mayo_2026/2026-05-03T01-03 Transacción n.º 26545693768449318-26547425144942846.pdf,
2026-05,Socovesa,2026-05-02,26815346914823169-26804657249225466,YPAP6PM6E2,600000,,,,Sin cartola,Facturas Meta/Socovesa/mayo_2026/2026-05-02T21-58 Transacción n.º 26815346914823169-26804657249225466.pdf,
2026-05,Almagro Inmobiliaria,2026-05-15,26710764558608903-26765899073095449,YXJTZQH6E2,600000,YXJTZQH6E2,600000,6895.0,Coincide,Facturas Meta/Almagro/mayo_2026/2026-05-15T14-08 Transacción n.º 26710764558608903-26765899073095449.pdf,Facturas Meta/Cartola TC/MovFacturadosInternacionales_94840000-6_9-6-2026.xls
2026-05,Socovesa,2026-05-25,27106910979000093-27043909355300247,Z23WQRM6E2,600000,Z23WQRM6E2,600000,68334.0,Coincide,Facturas Meta/Socovesa/mayo_2026/2026-05-25T00-28 Transacción n.º 27106910979000093-27043909355300247.pdf,Facturas Meta/Cartola TC/MovFacturadosInternacionales_94840000-6_9-6-2026.xls
2026-05,Almagro Inmobiliaria,2026-05-21,26789333094085382-26789333160752042,Z5URLQR6E2,600000,Z5URLQR6E2,600000,68522.0,Coincide,Facturas Meta/Almagro/mayo_2026/2026-05-21T10-37 Transacción n.º 26789333094085382-26789333160752042.pdf,Facturas Meta/Cartola TC/MovFacturadosInternacionales_94840000-6_9-6-2026.xls
2026-05,Almagro Inmobiliaria,2026-05-17,26796746226677400-26660342996984398,ZJLPARH6E2,600000,ZJLPARH6E2,600000,67872.0,Coincide,Facturas Meta/Almagro/mayo_2026/2026-05-17T20-29 Transacción n.º 26796746226677400-26660342996984398.pdf,Facturas Meta/Cartola TC/MovFacturadosInternacionales_94840000-6_9-6-2026.xls
2026-05,Pilares,2026-05-08,27138296745857620-27026408943713066,ZSLCCP96E2,600000,ZSLCCP96E2,600000,69282.0,Coincide,Facturas Meta/Pilares/mayo_2026/2026-05-08T18-27 Transacción n.º 27138296745857620-27026408943713066.pdf,Facturas Meta/Cartola TC/MovFacturadosInternacionales_94840000-6_9-6-2026.xls
