month,payment_reference,meta_amount
2026-04,2RPL9PZ5E2,600000
2026-04,2TL77NZ5E2,600000
2026-04,3AW3QNH6E2,600000
2026-04,3NZPPLV6E2,600000
2026-04,42AWFNM6E2,600000
2026-04,467EJLV6E2,600000
2026-04,6C5X3PD6E2,600000
2026-04,6NWEXLV6E2,600000
2026-04,8P4UTNM6E2,600000
2026-04,98ZCUMR6E2,599026
2026-04,A4F66M96E2,600000
2026-04,A64XGMR6E2,599933
2026-04,B32APNZ5E2,600000
2026-04,BNHVLL56E2,600000
2026-04,C7NTMKV6E2,600000
2026-04,CPEEQL96E2,600000
2026-04,CSXD6NR6E2,600000
2026-04,D349NL96E2,600000
2026-04,DFYHSMV6E2,600000
2026-04,DPXTSNH6E2,600000
2026-04,E7V5ALV6E2,600000
2026-04,EC72BM96E2,600000
2026-04,ELFJAPH6E2,600000
2026-04,ET6M3MM6E2,600000
2026-04,FMG69NM6E2,600000
2026-04,GW2Z7LV6E2,600000
2026-04,H5UMNMM6E2,600000
2026-04,HAK99MV6E2,600000
2026-04,HCXU8ND6E2,600000
2026-04,HTCEHLV6E2,600000
2026-04,HX6F4MD6E2,600000
2026-04,JRNFJKV6E2,600000
2026-04,KYBWYMM6E2,600000
2026-04,LHKENLV5E2,600000
2026-04,LJ99EPZ5E2,600000
2026-04,LWJ2FMV6E2,600000
2026-04,MG4A5N56E2,600000
2026-04,N2XSPM56E2,600000
2026-04,N8P7RLR6E2,600000
2026-04,N9M8GMV5E2,600000
2026-04,NJ27CMD6E2,600000
2026-04,PCV36LV5E2,600000
2026-04,PMVXCL96E2,600000
2026-04,PRLZ4MV6E2,600000
2026-04,QA5SEL96E2,600000
2026-04,QY33DMZ5E2,600000
2026-04,RE46LNZ5E2,600000
2026-04,RLNDRNH6E2,600000
2026-04,SAAGYL56E2,600000
2026-04,T4MQ3NM6E2,600000
2026-04,TCY6GNZ5E2,600000
2026-04,TQZ5ZNH6E2,2153
2026-04,TZFNVL56E2,600000
2026-04,U5FV3L56E2,600000
2026-04,U6PRQLV6E2,600000
2026-04,UK66JMZ5E2,600000
2026-04,V6BV2MV5E2,600000
2026-04,WHGYSMH6E2,600000
2026-04,WV8BEL56E2,600000
2026-04,XA6SMMZ5E2,600000
2026-04,XLML3PD6E2,600000
2026-04,XLX3TKR6E2,600000
2026-04,XUQZWKV6E2,600000
2026-04,Y2TELL56E2,600000
2026-04,Y6PTEMZ5E2,600000
2026-04,YN6YPL56E2,600000
